,age,duree_paiement,taux,duree_rente,type_prime,produit
0,20,5,0.05554198333903708,3,MENSUEL,NSIA-ETUDES
1,21,5,0.055558131527770664,3,MENSUEL,NSIA-ETUDES
2,22,5,0.055570644679186265,3,MENSUEL,NSIA-ETUDES
3,23,5,0.055583706186001114,3,MENSUEL,NSIA-ETUDES
4,24,5,0.05559908275087628,3,MENSUEL,NSIA-ETUDES
5,25,5,0.055616418866334984,3,MENSUEL,NSIA-ETUDES
6,26,5,0.055636200859243076,3,MENSUEL,NSIA-ETUDES
7,27,5,0.05565629486145559,3,MENSUEL,NSIA-ETUDES
8,28,5,0.055676451032566854,3,MENSUEL,NSIA-ETUDES
9,29,5,0.0556980953806483,3,MENSUEL,NSIA-ETUDES
10,30,5,0.05572240364410569,3,MENSUEL,NSIA-ETUDES
11,31,5,0.05575329338166475,3,MENSUEL,NSIA-ETUDES
12,32,5,0.05579527547576205,3,MENSUEL,NSIA-ETUDES
13,33,5,0.05584733708632592,3,MENSUEL,NSIA-ETUDES
14,34,5,0.05590810874950127,3,MENSUEL,NSIA-ETUDES
15,35,5,0.05597408239711088,3,MENSUEL,NSIA-ETUDES
16,36,5,0.056049245129541646,3,MENSUEL,NSIA-ETUDES
17,37,5,0.056133803537453744,3,MENSUEL,NSIA-ETUDES
18,38,5,0.05623189585557698,3,MENSUEL,NSIA-ETUDES
19,39,5,0.056344701929647474,3,MENSUEL,NSIA-ETUDES
20,40,5,0.05647190869634516,3,MENSUEL,NSIA-ETUDES
21,41,5,0.05661236720783647,3,MENSUEL,NSIA-ETUDES
22,42,5,0.05676017809232731,3,MENSUEL,NSIA-ETUDES
23,43,5,0.05691620432961941,3,MENSUEL,NSIA-ETUDES
24,44,5,0.05707646380936569,3,MENSUEL,NSIA-ETUDES
25,45,5,0.05723795859563307,3,MENSUEL,NSIA-ETUDES
26,46,5,0.05739636891853686,3,MENSUEL,NSIA-ETUDES
27,47,5,0.05755169240750216,3,MENSUEL,NSIA-ETUDES
28,48,5,0.05770719079523586,3,MENSUEL,NSIA-ETUDES
29,49,5,0.05786665950017465,3,MENSUEL,NSIA-ETUDES
30,50,5,0.0580334473906696,3,MENSUEL,NSIA-ETUDES
31,51,5,0.0582117548449801,3,MENSUEL,NSIA-ETUDES
32,52,5,0.05840013738546578,3,MENSUEL,NSIA-ETUDES
33,53,5,0.058600205383609154,3,MENSUEL,NSIA-ETUDES
34,54,5,0.058819561660240466,3,MENSUEL,NSIA-ETUDES
35,55,5,0.059067739300546485,3,MENSUEL,NSIA-ETUDES
36,56,5,0.0593626647478079,3,MENSUEL,NSIA-ETUDES
37,57,5,0.05972532035694625,3,MENSUEL,NSIA-ETUDES
38,58,5,0.060145767134326594,3,MENSUEL,NSIA-ETUDES
39,59,5,0.06062646824087852,3,MENSUEL,NSIA-ETUDES
40,60,5,0.06114710649566717,3,MENSUEL,NSIA-ETUDES
41,20,6,0.0456989571248654,3,MENSUEL,NSIA-ETUDES
42,21,6,0.04571706290702928,3,MENSUEL,NSIA-ETUDES
43,22,6,0.04573205108653211,3,MENSUEL,NSIA-ETUDES
44,23,6,0.04574792765002885,3,MENSUEL,NSIA-ETUDES
45,24,6,0.04576629130518264,3,MENSUEL,NSIA-ETUDES
46,25,6,0.04578673772809906,3,MENSUEL,NSIA-ETUDES
47,26,6,0.045809494510588626,3,MENSUEL,NSIA-ETUDES
48,27,6,0.04583266360470357,3,MENSUEL,NSIA-ETUDES
49,28,6,0.045856735796839986,3,MENSUEL,NSIA-ETUDES
50,29,6,0.0458837442019748,3,MENSUEL,NSIA-ETUDES
51,30,6,0.04591514622786699,3,MENSUEL,NSIA-ETUDES
52,31,6,0.04595444459509927,3,MENSUEL,NSIA-ETUDES
53,32,6,0.04600593549079279,3,MENSUEL,NSIA-ETUDES
54,33,6,0.046068437641901896,3,MENSUEL,NSIA-ETUDES
55,34,6,0.04614087626732934,3,MENSUEL,NSIA-ETUDES
56,35,6,0.0462203215627919,3,MENSUEL,NSIA-ETUDES
57,36,6,0.04631113887699132,3,MENSUEL,NSIA-ETUDES
58,37,6,0.04641384129177926,3,MENSUEL,NSIA-ETUDES
59,38,6,0.04653196372912501,3,MENSUEL,NSIA-ETUDES
60,39,6,0.04666646009613909,3,MENSUEL,NSIA-ETUDES
61,40,6,0.04681668963763338,3,MENSUEL,NSIA-ETUDES
62,41,6,0.046981121441675926,3,MENSUEL,NSIA-ETUDES
63,42,6,0.047153340662164235,3,MENSUEL,NSIA-ETUDES
64,43,6,0.047333464694928315,3,MENSUEL,NSIA-ETUDES
65,44,6,0.04751730786048441,3,MENSUEL,NSIA-ETUDES
66,45,6,0.04770196929982618,3,MENSUEL,NSIA-ETUDES
67,46,6,0.04788372005256547,3,MENSUEL,NSIA-ETUDES
68,47,6,0.04806345175114246,3,MENSUEL,NSIA-ETUDES
69,48,6,0.048244797830499134,3,MENSUEL,NSIA-ETUDES
70,49,6,0.048431753172645135,3,MENSUEL,NSIA-ETUDES
71,50,6,0.048627792094589256,3,MENSUEL,NSIA-ETUDES
72,51,6,0.048836743501854234,3,MENSUEL,NSIA-ETUDES
73,52,6,0.04905873743453787,3,MENSUEL,NSIA-ETUDES
74,53,6,0.04929899392441889,3,MENSUEL,NSIA-ETUDES
75,54,6,0.04956712809441778,3,MENSUEL,NSIA-ETUDES
76,55,6,0.04987418014556647,3,MENSUEL,NSIA-ETUDES
77,56,6,0.05023680173211237,3,MENSUEL,NSIA-ETUDES
78,57,6,0.050675911301776295,3,MENSUEL,NSIA-ETUDES
79,58,6,0.051179317634943204,3,MENSUEL,NSIA-ETUDES
80,59,6,0.051749086563372834,3,MENSUEL,NSIA-ETUDES
81,60,6,0.0523675883004475,3,MENSUEL,NSIA-ETUDES
82,20,7,0.038704731291518246,3,MENSUEL,NSIA-ETUDES
83,21,7,0.038725056584165966,3,MENSUEL,NSIA-ETUDES
84,22,7,0.03874262977774684,3,MENSUEL,NSIA-ETUDES
85,23,7,0.03876132455081365,3,MENSUEL,NSIA-ETUDES
86,24,7,0.03878264505202092,3,MENSUEL,NSIA-ETUDES
87,25,7,0.03880601194684025,3,MENSUEL,NSIA-ETUDES
88,26,7,0.038831745878795496,3,MENSUEL,NSIA-ETUDES
89,27,7,0.03885857043856778,3,MENSUEL,NSIA-ETUDES
90,28,7,0.03888752538104114,3,MENSUEL,NSIA-ETUDES
91,29,7,0.038920868265261976,3,MENSUEL,NSIA-ETUDES
92,30,7,0.03895989280360431,3,MENSUEL,NSIA-ETUDES
93,31,7,0.03900806644739614,3,MENSUEL,NSIA-ETUDES
94,32,7,0.03906941652160851,3,MENSUEL,NSIA-ETUDES
95,33,7,0.03914296003686212,3,MENSUEL,NSIA-ETUDES
96,34,7,0.03922794026497557,3,MENSUEL,NSIA-ETUDES
97,35,7,0.03932199164796326,3,MENSUEL,NSIA-ETUDES
98,36,7,0.03942962638141501,3,MENSUEL,NSIA-ETUDES
99,37,7,0.039551070124875624,3,MENSUEL,NSIA-ETUDES
100,38,7,0.0396896556603535,3,MENSUEL,NSIA-ETUDES
101,39,7,0.03984604185791562,3,MENSUEL,NSIA-ETUDES
102,40,7,0.040019233111898644,3,MENSUEL,NSIA-ETUDES
103,41,7,0.04020703541856258,3,MENSUEL,NSIA-ETUDES
104,42,7,0.04040261116167505,3,MENSUEL,NSIA-ETUDES
105,43,7,0.04060572892041956,3,MENSUEL,NSIA-ETUDES
106,44,7,0.04081222482827619,3,MENSUEL,NSIA-ETUDES
107,45,7,0.04101953792533812,3,MENSUEL,NSIA-ETUDES
108,46,7,0.0412247252127123,3,MENSUEL,NSIA-ETUDES
109,47,7,0.04142910859855569,3,MENSUEL,NSIA-ETUDES
110,48,7,0.04163659211276203,3,MENSUEL,NSIA-ETUDES
111,49,7,0.04185134355075209,3,MENSUEL,NSIA-ETUDES
112,50,7,0.04207666928012356,3,MENSUEL,NSIA-ETUDES
113,51,7,0.04231758478702907,3,MENSUEL,NSIA-ETUDES
114,52,7,0.04257715003319686,3,MENSUEL,NSIA-ETUDES
115,53,7,0.042862486484218254,3,MENSUEL,NSIA-ETUDES
116,54,7,0.04318460879305283,3,MENSUEL,NSIA-ETUDES
117,55,7,0.04355421490431088,3,MENSUEL,NSIA-ETUDES
118,56,7,0.04398849023223016,3,MENSUEL,NSIA-ETUDES
119,57,7,0.04450576035083476,3,MENSUEL,NSIA-ETUDES
120,58,7,0.04509391266663669,3,MENSUEL,NSIA-ETUDES
121,59,7,0.04575620147038248,3,MENSUEL,NSIA-ETUDES
122,60,7,0.04647445047186731,3,MENSUEL,NSIA-ETUDES
123,20,8,0.033491253940822543,3,MENSUEL,NSIA-ETUDES
124,21,8,0.03351393784398239,3,MENSUEL,NSIA-ETUDES
125,22,8,0.03353414656225377,3,MENSUEL,NSIA-ETUDES
126,23,8,0.03355566487046361,3,MENSUEL,NSIA-ETUDES
127,24,8,0.03357981012534978,3,MENSUEL,NSIA-ETUDES
128,25,8,0.03360610704192774,3,MENSUEL,NSIA-ETUDES
129,26,8,0.03363531285327653,3,MENSUEL,NSIA-ETUDES
130,27,8,0.033666649130281605,3,MENSUEL,NSIA-ETUDES
131,28,8,0.03370139024838168,3,MENSUEL,NSIA-ETUDES
132,29,8,0.03374168036621581,3,MENSUEL,NSIA-ETUDES
133,30,8,0.03378888918144285,3,MENSUEL,NSIA-ETUDES
134,31,8,0.033846366885423806,3,MENSUEL,NSIA-ETUDES
135,32,8,0.033918191789382095,3,MENSUEL,NSIA-ETUDES
136,33,8,0.034003621405203556,3,MENSUEL,NSIA-ETUDES
137,34,8,0.03410227426729598,3,MENSUEL,NSIA-ETUDES
138,35,8,0.034212099692573335,3,MENSUEL,NSIA-ETUDES
139,36,8,0.03433731894313919,3,MENSUEL,NSIA-ETUDES
140,37,8,0.03447811566249286,3,MENSUEL,NSIA-ETUDES
141,38,8,0.03463755846639917,3,MENSUEL,NSIA-ETUDES
142,39,8,0.034815973060310874,3,MENSUEL,NSIA-ETUDES
143,40,8,0.03501177464747574,3,MENSUEL,NSIA-ETUDES
144,41,8,0.03522222365554643,3,MENSUEL,NSIA-ETUDES
145,42,8,0.035440314408756564,3,MENSUEL,NSIA-ETUDES
146,43,8,0.03566568605762503,3,MENSUEL,NSIA-ETUDES
147,44,8,0.03589442595656765,3,MENSUEL,NSIA-ETUDES
148,45,8,0.036124527597215926,3,MENSUEL,NSIA-ETUDES
149,46,8,0.03635348138988431,3,MENSUEL,NSIA-ETUDES
150,47,8,0.036582945472376054,3,MENSUEL,NSIA-ETUDES
151,48,8,0.03681704469093523,3,MENSUEL,NSIA-ETUDES
152,49,8,0.03705986850043447,3,MENSUEL,NSIA-ETUDES
153,50,8,0.037315830855430276,3,MENSUEL,NSIA-ETUDES
154,51,8,0.037592278139558885,3,MENSUEL,NSIA-ETUDES
155,52,8,0.03789400542949193,3,MENSUEL,NSIA-ETUDES
156,53,8,0.03822947933301496,3,MENSUEL,NSIA-ETUDES
157,54,8,0.03860969887725576,3,MENSUEL,NSIA-ETUDES
158,55,8,0.039046182611043,3,MENSUEL,NSIA-ETUDES
159,56,8,0.03955444421655209,3,MENSUEL,NSIA-ETUDES
160,57,8,0.04015227606384475,3,MENSUEL,NSIA-ETUDES
161,58,8,0.04082874121631543,3,MENSUEL,NSIA-ETUDES
162,59,8,0.04158606557007935,3,MENSUEL,NSIA-ETUDES
163,60,8,0.04240489070438146,3,MENSUEL,NSIA-ETUDES
164,20,9,0.02946512562167129,3,MENSUEL,NSIA-ETUDES
165,21,9,0.029490250422097092,3,MENSUEL,NSIA-ETUDES
166,22,9,0.02951312915238006,3,MENSUEL,NSIA-ETUDES
167,23,9,0.029537378128727372,3,MENSUEL,NSIA-ETUDES
168,24,9,0.02956437148402757,3,MENSUEL,NSIA-ETUDES
169,25,9,0.029594020372941454,3,MENSUEL,NSIA-ETUDES
170,26,9,0.029627455915780487,3,MENSUEL,NSIA-ETUDES
171,27,9,0.029664134741020646,3,MENSUEL,NSIA-ETUDES
172,28,9,0.02970528937230225,3,MENSUEL,NSIA-ETUDES
173,29,9,0.029753133110059404,3,MENSUEL,NSIA-ETUDES
174,30,9,0.029809023714725925,3,MENSUEL,NSIA-ETUDES
175,31,9,0.029876428194667844,3,MENSUEL,NSIA-ETUDES
176,32,9,0.029959540192483435,3,MENSUEL,NSIA-ETUDES
177,33,9,0.03005792660629353,3,MENSUEL,NSIA-ETUDES
178,34,9,0.030171400138013848,3,MENSUEL,NSIA-ETUDES
179,35,9,0.030297831184491714,3,MENSUEL,NSIA-ETUDES
180,36,9,0.030441350415792347,3,MENSUEL,NSIA-ETUDES
181,37,9,0.030602014543923434,3,MENSUEL,NSIA-ETUDES
182,38,9,0.03078258302912204,3,MENSUEL,NSIA-ETUDES
183,39,9,0.030982848283118185,3,MENSUEL,NSIA-ETUDES
184,40,9,0.03120072342092442,3,MENSUEL,NSIA-ETUDES
185,41,9,0.03143316848845687,3,MENSUEL,NSIA-ETUDES
186,42,9,0.031673156817368674,3,MENSUEL,NSIA-ETUDES
187,43,9,0.031920431181449584,3,MENSUEL,NSIA-ETUDES
188,44,9,0.03217152548866395,3,MENSUEL,NSIA-ETUDES
189,45,9,0.03242474202702126,3,MENSUEL,NSIA-ETUDES
190,46,9,0.032677927575403054,3,MENSUEL,NSIA-ETUDES
191,47,9,0.0329330131515449,3,MENSUEL,NSIA-ETUDES
192,48,9,0.03319412303892539,3,MENSUEL,NSIA-ETUDES
193,49,9,0.03346635377239476,3,MENSUEL,NSIA-ETUDES
194,50,9,0.03375616244832982,3,MENSUEL,NSIA-ETUDES
195,51,9,0.03407237760176326,3,MENSUEL,NSIA-ETUDES
196,52,9,0.034421041745045365,3,MENSUEL,NSIA-ETUDES
197,53,9,0.034810837693144865,3,MENSUEL,NSIA-ETUDES
198,54,9,0.035253594095127544,3,MENSUEL,NSIA-ETUDES
199,55,9,0.03575974137703612,3,MENSUEL,NSIA-ETUDES
200,56,9,0.036344678953661703,3,MENSUEL,NSIA-ETUDES
201,57,9,0.037026683814251775,3,MENSUEL,NSIA-ETUDES
202,58,9,0.037794157226537166,3,MENSUEL,NSIA-ETUDES
203,59,9,0.038647852420128546,3,MENSUEL,NSIA-ETUDES
204,60,9,0.039566740485910176,3,MENSUEL,NSIA-ETUDES
205,20,10,0.026270286796728128,3,MENSUEL,NSIA-ETUDES
206,21,10,0.026297910582152466,3,MENSUEL,NSIA-ETUDES
207,22,10,0.02632340036481587,3,MENSUEL,NSIA-ETUDES
208,23,10,0.026350413261793364,3,MENSUEL,NSIA-ETUDES
209,24,10,0.026380627885800225,3,MENSUEL,NSIA-ETUDES
210,25,10,0.026414298987062337,3,MENSUEL,NSIA-ETUDES
211,26,10,0.026452722567829354,3,MENSUEL,NSIA-ETUDES
212,27,10,0.026495360603906778,3,MENSUEL,NSIA-ETUDES
213,28,10,0.026543540843365562,3,MENSUEL,NSIA-ETUDES
214,29,10,0.026599474925685023,3,MENSUEL,NSIA-ETUDES
215,30,10,0.02666468785434229,3,MENSUEL,NSIA-ETUDES
216,31,10,0.02674280378792424,3,MENSUEL,NSIA-ETUDES
217,32,10,0.02683821663137117,3,MENSUEL,NSIA-ETUDES
218,33,10,0.02695065129949085,3,MENSUEL,NSIA-ETUDES
219,34,10,0.027079807885610117,3,MENSUEL,NSIA-ETUDES
220,35,10,0.027223604574724045,3,MENSUEL,NSIA-ETUDES
221,36,10,0.027386018927110952,3,MENSUEL,NSIA-ETUDES
222,37,10,0.02756691122772734,3,MENSUEL,NSIA-ETUDES
223,38,10,0.02776855635402719,3,MENSUEL,NSIA-ETUDES
224,39,10,0.027990280343538385,3,MENSUEL,NSIA-ETUDES
225,40,10,0.028229698824305847,3,MENSUEL,NSIA-ETUDES
226,41,10,0.028483625722600995,3,MENSUEL,NSIA-ETUDES
227,42,10,0.028745196901294436,3,MENSUEL,NSIA-ETUDES
228,43,10,0.029014452156170628,3,MENSUEL,NSIA-ETUDES
229,44,10,0.029288182513279064,3,MENSUEL,NSIA-ETUDES
230,45,10,0.029564960074681762,3,MENSUEL,NSIA-ETUDES
231,46,10,0.029842924650969178,3,MENSUEL,NSIA-ETUDES
232,47,10,0.03012407996755436,3,MENSUEL,NSIA-ETUDES
233,48,10,0.030413487260181945,3,MENSUEL,NSIA-ETUDES
234,49,10,0.03071804007428538,3,MENSUEL,NSIA-ETUDES
235,50,10,0.03104558253456706,3,MENSUEL,NSIA-ETUDES
236,51,10,0.031406017879215195,3,MENSUEL,NSIA-ETUDES
237,52,10,0.031805721571991574,3,MENSUEL,NSIA-ETUDES
238,53,10,0.032254226224316576,3,MENSUEL,NSIA-ETUDES
239,54,10,0.03276256038562299,3,MENSUEL,NSIA-ETUDES
240,55,10,0.033341303333749094,3,MENSUEL,NSIA-ETUDES
241,56,10,0.03400647829988094,3,MENSUEL,NSIA-ETUDES
242,57,10,0.03477545558040051,3,MENSUEL,NSIA-ETUDES
243,58,10,0.035635482965009235,3,MENSUEL,NSIA-ETUDES
244,59,10,0.036585564953594205,3,MENSUEL,NSIA-ETUDES
245,60,10,0.037605539668753275,3,MENSUEL,NSIA-ETUDES
246,20,11,0.02368014429094972,3,MENSUEL,NSIA-ETUDES
247,21,11,0.02371023730596161,3,MENSUEL,NSIA-ETUDES
248,22,11,0.023738383148872763,3,MENSUEL,NSIA-ETUDES
249,23,11,0.023768495100052245,3,MENSUEL,NSIA-ETUDES
250,24,11,0.02380253391518071,3,MENSUEL,NSIA-ETUDES
251,25,11,0.02384091563614446,3,MENSUEL,NSIA-ETUDES
252,26,11,0.02388491875900099,3,MENSUEL,NSIA-ETUDES
253,27,11,0.023934117814211852,3,MENSUEL,NSIA-ETUDES
254,28,11,0.023989871929990334,3,MENSUEL,NSIA-ETUDES
255,29,11,0.02405454446547325,3,MENSUEL,NSIA-ETUDES
256,30,11,0.024129852525737867,3,MENSUEL,NSIA-ETUDES
257,31,11,0.024219644579468975,3,MENSUEL,NSIA-ETUDES
258,32,11,0.024328395199438493,3,MENSUEL,NSIA-ETUDES
259,33,11,0.024455731804627123,3,MENSUEL,NSIA-ETUDES
260,34,11,0.024601356114589253,3,MENSUEL,NSIA-ETUDES
261,35,11,0.02476315540570942,3,MENSUEL,NSIA-ETUDES
262,36,11,0.024944895611901236,3,MENSUEL,NSIA-ETUDES
263,37,11,0.025146068134464118,3,MENSUEL,NSIA-ETUDES
264,38,11,0.025368515172006393,3,MENSUEL,NSIA-ETUDES
265,39,11,0.025611270432589185,3,MENSUEL,NSIA-ETUDES
266,40,11,0.02587178692696722,3,MENSUEL,NSIA-ETUDES
267,41,11,0.026146920166651308,3,MENSUEL,NSIA-ETUDES
268,42,11,0.02643012254578842,3,MENSUEL,NSIA-ETUDES
269,43,11,0.026721593468139453,3,MENSUEL,NSIA-ETUDES
270,44,11,0.027018357791473293,3,MENSUEL,NSIA-ETUDES
271,45,11,0.027319215199614978,3,MENSUEL,NSIA-ETUDES
272,46,11,0.02762242039441057,3,MENSUEL,NSIA-ETUDES
273,47,11,0.027930868028484157,3,MENSUEL,NSIA-ETUDES
274,48,11,0.028251231898951356,3,MENSUEL,NSIA-ETUDES
275,49,11,0.028591685868489727,3,MENSUEL,NSIA-ETUDES
276,50,11,0.028961091819170663,3,MENSUEL,NSIA-ETUDES
277,51,11,0.029369689305739306,3,MENSUEL,NSIA-ETUDES
278,52,11,0.029824683575710532,3,MENSUEL,NSIA-ETUDES
279,53,11,0.03033503899173852,3,MENSUEL,NSIA-ETUDES
280,54,11,0.030912023897738942,3,MENSUEL,NSIA-ETUDES
281,55,11,0.03156692096780065,3,MENSUEL,NSIA-ETUDES
282,56,11,0.03231514817623817,3,MENSUEL,NSIA-ETUDES
283,57,11,0.03317279423539958,3,MENSUEL,NSIA-ETUDES
284,58,11,0.034125686834858435,3,MENSUEL,NSIA-ETUDES
285,59,11,0.035173317673922136,3,MENSUEL,NSIA-ETUDES
286,60,11,0.03629634898490953,3,MENSUEL,NSIA-ETUDES
287,20,12,0.02154356327776911,3,MENSUEL,NSIA-ETUDES
288,21,12,0.02157618288506666,3,MENSUEL,NSIA-ETUDES
289,22,12,0.021607292921521602,3,MENSUEL,NSIA-ETUDES
290,23,12,0.021641050955145427,3,MENSUEL,NSIA-ETUDES
291,24,12,0.02167954473714347,3,MENSUEL,NSIA-ETUDES
292,25,12,0.021723195208363955,3,MENSUEL,NSIA-ETUDES
293,26,12,0.02177335873063975,3,MENSUEL,NSIA-ETUDES
294,27,12,0.021829665249500363,3,MENSUEL,NSIA-ETUDES
295,28,12,0.021893634391313983,3,MENSUEL,NSIA-ETUDES
296,29,12,0.021967804749057393,3,MENSUEL,NSIA-ETUDES
297,30,12,0.02205413950209018,3,MENSUEL,NSIA-ETUDES
298,31,12,0.022156595983949926,3,MENSUEL,NSIA-ETUDES
299,32,12,0.022279520643331583,3,MENSUEL,NSIA-ETUDES
300,33,12,0.022422539800769414,3,MENSUEL,NSIA-ETUDES
301,34,12,0.022585296317854664,3,MENSUEL,NSIA-ETUDES
302,35,12,0.022765572018859814,3,MENSUEL,NSIA-ETUDES
303,36,12,0.0229667728520728,3,MENSUEL,NSIA-ETUDES
304,37,12,0.023188049253318615,3,MENSUEL,NSIA-ETUDES
305,38,12,0.023430960436197343,3,MENSUEL,NSIA-ETUDES
306,39,12,0.02369436679272145,3,MENSUEL,NSIA-ETUDES
307,40,12,0.023975730313984478,3,MENSUEL,NSIA-ETUDES
308,41,12,0.024272103170324792,3,MENSUEL,NSIA-ETUDES
309,42,12,0.024577128313142203,3,MENSUEL,NSIA-ETUDES
310,43,12,0.024891162441152734,3,MENSUEL,NSIA-ETUDES
311,44,12,0.025211430355457955,3,MENSUEL,NSIA-ETUDES
312,45,12,0.025536814326589177,3,MENSUEL,NSIA-ETUDES
313,46,12,0.025866408764974567,3,MENSUEL,NSIA-ETUDES
314,47,12,0.026204582207897523,3,MENSUEL,NSIA-ETUDES
315,48,12,0.02655920274400164,3,MENSUEL,NSIA-ETUDES
316,49,12,0.026939392820838487,3,MENSUEL,NSIA-ETUDES
317,50,12,0.02735440760839972,3,MENSUEL,NSIA-ETUDES
318,51,12,0.02781523720807947,3,MENSUEL,NSIA-ETUDES
319,52,12,0.028328673391434883,3,MENSUEL,NSIA-ETUDES
320,53,12,0.028903998817911218,3,MENSUEL,NSIA-ETUDES
321,54,12,0.029553167747184517,3,MENSUEL,NSIA-ETUDES
322,55,12,0.030287072734948375,3,MENSUEL,NSIA-ETUDES
323,56,12,0.031120124425923504,3,MENSUEL,NSIA-ETUDES
324,57,12,0.0320669795521112,3,MENSUEL,NSIA-ETUDES
325,58,12,0.03311393665422468,3,MENSUEL,NSIA-ETUDES
326,59,12,0.03426102657218104,3,MENSUEL,NSIA-ETUDES
327,60,12,0.03548976803632511,3,MENSUEL,NSIA-ETUDES
328,20,13,0.019755978215443747,3,MENSUEL,NSIA-ETUDES
329,21,13,0.01979141327765448,3,MENSUEL,NSIA-ETUDES
330,22,13,0.01982599027768945,3,MENSUEL,NSIA-ETUDES
331,23,13,0.01986397494363675,3,MENSUEL,NSIA-ETUDES
332,24,13,0.019907450844848445,3,MENSUEL,NSIA-ETUDES
333,25,13,0.019956923007189088,3,MENSUEL,NSIA-ETUDES
334,26,13,0.020013781633749037,3,MENSUEL,NSIA-ETUDES
335,27,13,0.02007782293299729,3,MENSUEL,NSIA-ETUDES
336,28,13,0.020150745746976898,3,MENSUEL,NSIA-ETUDES
337,29,13,0.0202353150039369,3,MENSUEL,NSIA-ETUDES
338,30,13,0.020333629111824028,3,MENSUEL,NSIA-ETUDES
339,31,13,0.02044956622995468,3,MENSUEL,NSIA-ETUDES
340,32,13,0.020587433972566405,3,MENSUEL,NSIA-ETUDES
341,33,13,0.020746804832205007,3,MENSUEL,NSIA-ETUDES
342,34,13,0.020927199721098053,3,MENSUEL,NSIA-ETUDES
343,35,13,0.021126146370939958,3,MENSUEL,NSIA-ETUDES
344,36,13,0.02134671629213092,3,MENSUEL,NSIA-ETUDES
345,37,13,0.021587838829305605,3,MENSUEL,NSIA-ETUDES
346,38,13,0.021850895653029015,3,MENSUEL,NSIA-ETUDES
347,39,13,0.0221347310474532,3,MENSUEL,NSIA-ETUDES
348,40,13,0.022436957721270422,3,MENSUEL,NSIA-ETUDES
349,41,13,0.022754732008730873,3,MENSUEL,NSIA-ETUDES
350,42,13,0.02308187973451428,3,MENSUEL,NSIA-ETUDES
351,43,13,0.023418895693412278,3,MENSUEL,NSIA-ETUDES
352,44,13,0.023763080065563956,3,MENSUEL,NSIA-ETUDES
353,45,13,0.024114057255083747,3,MENSUEL,NSIA-ETUDES
354,46,13,0.024472271604047496,3,MENSUEL,NSIA-ETUDES
355,47,13,0.02484321815982354,3,MENSUEL,NSIA-ETUDES
356,48,13,0.025235657917516217,3,MENSUEL,NSIA-ETUDES
357,49,13,0.02565912958516012,3,MENSUEL,NSIA-ETUDES
358,50,13,0.026123620592989512,3,MENSUEL,NSIA-ETUDES
359,51,13,0.02663978246463773,3,MENSUEL,NSIA-ETUDES
360,52,13,0.02721476474017702,3,MENSUEL,NSIA-ETUDES
361,53,13,0.027858529592168092,3,MENSUEL,NSIA-ETUDES
362,54,13,0.028582752232671493,3,MENSUEL,NSIA-ETUDES
363,55,13,0.029397525266234004,3,MENSUEL,NSIA-ETUDES
364,56,13,0.030316095134350518,3,MENSUEL,NSIA-ETUDES
365,57,13,0.03135339270771711,3,MENSUEL,NSIA-ETUDES
366,58,13,0.03249622122912521,3,MENSUEL,NSIA-ETUDES
367,59,13,0.03374524568306575,3,MENSUEL,NSIA-ETUDES
368,60,13,0.0350826303275239,3,MENSUEL,NSIA-ETUDES
369,20,14,0.018242912608763203,3,MENSUEL,NSIA-ETUDES
370,21,14,0.018281630630010377,3,MENSUEL,NSIA-ETUDES
371,22,14,0.01832021347534016,3,MENSUEL,NSIA-ETUDES
372,23,14,0.018362921993123962,3,MENSUEL,NSIA-ETUDES
373,24,14,0.0184119061839974,3,MENSUEL,NSIA-ETUDES
374,25,14,0.018467715800275813,3,MENSUEL,NSIA-ETUDES
375,26,14,0.018531877250115694,3,MENSUEL,NSIA-ETUDES
376,27,14,0.018604368273558367,3,MENSUEL,NSIA-ETUDES
377,28,14,0.01868711241184438,3,MENSUEL,NSIA-ETUDES
378,29,14,0.018783000660044,3,MENSUEL,NSIA-ETUDES
379,30,14,0.018894095664841192,3,MENSUEL,NSIA-ETUDES
380,31,14,0.019024267924788098,3,MENSUEL,NSIA-ETUDES
381,32,14,0.019177745155495477,3,MENSUEL,NSIA-ETUDES
382,33,14,0.019353987605022344,3,MENSUEL,NSIA-ETUDES
383,34,14,0.019552264255324917,3,MENSUEL,NSIA-ETUDES
384,35,14,0.01976985671822163,3,MENSUEL,NSIA-ETUDES
385,36,14,0.020009610473424,3,MENSUEL,NSIA-ETUDES
386,37,14,0.02027031936141929,3,MENSUEL,NSIA-ETUDES
387,38,14,0.020553331603655245,3,MENSUEL,NSIA-ETUDES
388,39,14,0.020857605296091986,3,MENSUEL,NSIA-ETUDES
389,40,14,0.021180827581831683,3,MENSUEL,NSIA-ETUDES
390,41,14,0.02152026643759569,3,MENSUEL,NSIA-ETUDES
391,42,14,0.021869906367559564,3,MENSUEL,NSIA-ETUDES
392,43,14,0.02223027892181892,3,MENSUEL,NSIA-ETUDES
393,44,14,0.022599359119408552,3,MENSUEL,NSIA-ETUDES
394,45,14,0.02297797339055782,3,MENSUEL,NSIA-ETUDES
395,46,14,0.023367623902938714,3,MENSUEL,NSIA-ETUDES
396,47,14,0.023774655028660857,3,MENSUEL,NSIA-ETUDES
397,48,14,0.024208260219181345,3,MENSUEL,NSIA-ETUDES
398,49,14,0.024678678994170367,3,MENSUEL,NSIA-ETUDES
399,50,14,0.02519565727532754,3,MENSUEL,NSIA-ETUDES
400,51,14,0.02577019690699533,3,MENSUEL,NSIA-ETUDES
401,52,14,0.026410104455140727,3,MENSUEL,NSIA-ETUDES
402,53,14,0.027125158462277414,3,MENSUEL,NSIA-ETUDES
403,54,14,0.02792636065514566,3,MENSUEL,NSIA-ETUDES
404,55,14,0.028822845582896554,3,MENSUEL,NSIA-ETUDES
405,56,14,0.029828174600461187,3,MENSUEL,NSIA-ETUDES
406,57,14,0.030957640508730497,3,MENSUEL,NSIA-ETUDES
407,58,14,0.03219862304724117,3,MENSUEL,NSIA-ETUDES
408,59,14,0.03355228625273203,3,MENSUEL,NSIA-ETUDES
409,60,14,0.03500127201150148,3,MENSUEL,NSIA-ETUDES
410,20,15,0.01694995666727916,3,MENSUEL,NSIA-ETUDES
411,21,15,0.016992462000135874,3,MENSUEL,NSIA-ETUDES
412,22,15,0.017035521503857565,3,MENSUEL,NSIA-ETUDES
413,23,15,0.01708345357708692,3,MENSUEL,NSIA-ETUDES
414,24,15,0.0171384423231178,3,MENSUEL,NSIA-ETUDES
415,25,15,0.017201172940858465,3,MENSUEL,NSIA-ETUDES
416,26,15,0.017273325452587935,3,MENSUEL,NSIA-ETUDES
417,27,15,0.017355100010587703,3,MENSUEL,NSIA-ETUDES
418,28,15,0.017448551375553362,3,MENSUEL,NSIA-ETUDES
419,29,15,0.017556544710206727,3,MENSUEL,NSIA-ETUDES
420,30,15,0.017681164307590067,3,MENSUEL,NSIA-ETUDES
421,31,15,0.0178262316269385,3,MENSUEL,NSIA-ETUDES
422,32,15,0.017995844813328023,3,MENSUEL,NSIA-ETUDES
423,33,15,0.01818923367423527,3,MENSUEL,NSIA-ETUDES
424,34,15,0.01840542376435826,3,MENSUEL,NSIA-ETUDES
425,35,15,0.01864153647305648,3,MENSUEL,NSIA-ETUDES
426,36,15,0.018900270391936255,3,MENSUEL,NSIA-ETUDES
427,37,15,0.019180409310799444,3,MENSUEL,NSIA-ETUDES
428,38,15,0.019483387214427973,3,MENSUEL,NSIA-ETUDES
429,39,15,0.019808212291374788,3,MENSUEL,NSIA-ETUDES
430,40,15,0.02015265765193469,3,MENSUEL,NSIA-ETUDES
431,41,15,0.020514090762412618,3,MENSUEL,NSIA-ETUDES
432,42,15,0.02088655895625703,3,MENSUEL,NSIA-ETUDES
433,43,15,0.021271183958550332,3,MENSUEL,NSIA-ETUDES
434,44,15,0.02166702953669384,3,MENSUEL,NSIA-ETUDES
435,45,15,0.022075882746086663,3,MENSUEL,NSIA-ETUDES
436,46,15,0.02250004835400171,3,MENSUEL,NSIA-ETUDES
437,47,15,0.022946316093172228,3,MENSUEL,NSIA-ETUDES
438,48,15,0.023424552979281373,3,MENSUEL,NSIA-ETUDES
439,49,15,0.023944824800188867,3,MENSUEL,NSIA-ETUDES
440,50,15,0.024517247974016523,3,MENSUEL,NSIA-ETUDES
441,51,15,0.025153433790343183,3,MENSUEL,NSIA-ETUDES
442,52,15,0.02586107001194025,3,MENSUEL,NSIA-ETUDES
443,53,15,0.026649371537176624,3,MENSUEL,NSIA-ETUDES
444,54,15,0.027528520641909943,3,MENSUEL,NSIA-ETUDES
445,55,15,0.02850798882101498,3,MENSUEL,NSIA-ETUDES
446,56,15,0.0296017191057826,3,MENSUEL,NSIA-ETUDES
447,57,15,0.030825476726724636,3,MENSUEL,NSIA-ETUDES
448,58,15,0.03216708539422793,3,MENSUEL,NSIA-ETUDES
449,59,15,0.03362810006121556,3,MENSUEL,NSIA-ETUDES
450,60,15,0.03519171970752664,3,MENSUEL,NSIA-ETUDES
451,20,16,0.015836405315648786,3,MENSUEL,NSIA-ETUDES
452,21,16,0.015883145891910797,3,MENSUEL,NSIA-ETUDES
453,22,16,0.01593115779016512,3,MENSUEL,NSIA-ETUDES
454,23,16,0.015984789312843955,3,MENSUEL,NSIA-ETUDES
455,24,16,0.01604634231633339,3,MENSUEL,NSIA-ETUDES
456,25,16,0.016116652808658632,3,MENSUEL,NSIA-ETUDES
457,26,16,0.016197595370312467,3,MENSUEL,NSIA-ETUDES
458,27,16,0.016289505298100762,3,MENSUEL,NSIA-ETUDES
459,28,16,0.01639443073616633,3,MENSUEL,NSIA-ETUDES
460,29,16,0.016515261087218614,3,MENSUEL,NSIA-ETUDES
461,30,16,0.016654060736526678,3,MENSUEL,NSIA-ETUDES
462,31,16,0.016814551942775174,3,MENSUEL,NSIA-ETUDES
463,32,16,0.01700059906837431,3,MENSUEL,NSIA-ETUDES
464,33,16,0.01721120752794043,3,MENSUEL,NSIA-ETUDES
465,34,16,0.017445238497035033,3,MENSUEL,NSIA-ETUDES
466,35,16,0.01769971592330417,3,MENSUEL,NSIA-ETUDES
467,36,16,0.017977309019254192,3,MENSUEL,NSIA-ETUDES
468,37,16,0.018276895397505818,3,MENSUEL,NSIA-ETUDES
469,38,16,0.018599940821774703,3,MENSUEL,NSIA-ETUDES
470,39,16,0.018945517936951085,3,MENSUEL,NSIA-ETUDES
471,40,16,0.019311477312076362,3,MENSUEL,NSIA-ETUDES
472,41,16,0.019695207898469035,3,MENSUEL,NSIA-ETUDES
473,42,16,0.020091321944294006,3,MENSUEL,NSIA-ETUDES
474,43,16,0.0205019107459546,3,MENSUEL,NSIA-ETUDES
475,44,16,0.020926922852173,3,MENSUEL,NSIA-ETUDES
476,45,16,0.021368876236261446,3,MENSUEL,NSIA-ETUDES
477,46,16,0.02183052137978924,3,MENSUEL,NSIA-ETUDES
478,47,16,0.022319298429785816,3,MENSUEL,NSIA-ETUDES
479,48,16,0.02284495688703919,3,MENSUEL,NSIA-ETUDES
480,49,16,0.02341793875526046,3,MENSUEL,NSIA-ETUDES
481,50,16,0.024048950499389425,3,MENSUEL,NSIA-ETUDES
482,51,16,0.024749517919267165,3,MENSUEL,NSIA-ETUDES
483,52,16,0.025526847508740628,3,MENSUEL,NSIA-ETUDES
484,53,16,0.02638945285621007,3,MENSUEL,NSIA-ETUDES
485,54,16,0.027347848828567178,3,MENSUEL,NSIA-ETUDES
486,55,16,0.02841189303224081,3,MENSUEL,NSIA-ETUDES
487,56,16,0.029595999031287307,3,MENSUEL,NSIA-ETUDES
488,57,16,0.03091632378068662,3,MENSUEL,NSIA-ETUDES
489,58,16,0.03236102695726885,3,MENSUEL,NSIA-ETUDES
490,59,16,0.03393215940222432,3,MENSUEL,NSIA-ETUDES
491,60,16,0.03561365117960083,3,MENSUEL,NSIA-ETUDES
492,20,17,0.014871149508145136,3,MENSUEL,NSIA-ETUDES
493,21,17,0.014922579819203481,3,MENSUEL,NSIA-ETUDES
494,22,17,0.014976000848632171,3,MENSUEL,NSIA-ETUDES
495,23,17,0.015035867558073747,3,MENSUEL,NSIA-ETUDES
496,24,17,0.015104615357661012,3,MENSUEL,NSIA-ETUDES
497,25,17,0.015183268771405132,3,MENSUEL,NSIA-ETUDES
498,26,17,0.015273818643504302,3,MENSUEL,NSIA-ETUDES
499,27,17,0.015376609642831787,3,MENSUEL,NSIA-ETUDES
500,28,17,0.015493725856405731,3,MENSUEL,NSIA-ETUDES
501,29,17,0.015628042730525916,3,MENSUEL,NSIA-ETUDES
502,30,17,0.015781554352635556,3,MENSUEL,NSIA-ETUDES
503,31,17,0.015957784956642726,3,MENSUEL,NSIA-ETUDES
504,32,17,0.016160372581303734,3,MENSUEL,NSIA-ETUDES
505,33,17,0.016388169005321453,3,MENSUEL,NSIA-ETUDES
506,34,17,0.016639929678988533,3,MENSUEL,NSIA-ETUDES
507,35,17,0.016912682368310582,3,MENSUEL,NSIA-ETUDES
508,36,17,0.017209164190470597,3,MENSUEL,NSIA-ETUDES
509,37,17,0.017528295458259884,3,MENSUEL,NSIA-ETUDES
510,38,17,0.017871589890171125,3,MENSUEL,NSIA-ETUDES
511,39,17,0.018238178977917158,3,MENSUEL,NSIA-ETUDES
512,40,17,0.018625922646447773,3,MENSUEL,NSIA-ETUDES
513,41,17,0.019032699709418552,3,MENSUEL,NSIA-ETUDES
514,42,17,0.019454027570878878,3,MENSUEL,NSIA-ETUDES
515,43,17,0.019892797192836487,3,MENSUEL,NSIA-ETUDES
516,44,17,0.020349631854866674,3,MENSUEL,NSIA-ETUDES
517,45,17,0.02082746818795519,3,MENSUEL,NSIA-ETUDES
518,46,17,0.021329678608611274,3,MENSUEL,NSIA-ETUDES
519,47,17,0.021863633077112636,3,MENSUEL,NSIA-ETUDES
520,48,17,0.022439460359396503,3,MENSUEL,NSIA-ETUDES
521,49,17,0.023068167777647513,3,MENSUEL,NSIA-ETUDES
522,50,17,0.023760419397414585,3,MENSUEL,NSIA-ETUDES
523,51,17,0.02452731681566119,3,MENSUEL,NSIA-ETUDES
524,52,17,0.025375456755941942,3,MENSUEL,NSIA-ETUDES
525,53,17,0.026313680999804794,3,MENSUEL,NSIA-ETUDES
526,54,17,0.027352879080599125,3,MENSUEL,NSIA-ETUDES
527,55,17,0.028503364974460287,3,MENSUEL,NSIA-ETUDES
528,56,17,0.029779940589319986,3,MENSUEL,NSIA-ETUDES
529,57,17,0.031199089966931024,3,MENSUEL,NSIA-ETUDES
530,58,17,0.032749392956561804,3,MENSUEL,NSIA-ETUDES
531,59,17,0.034433581878498674,3,MENSUEL,NSIA-ETUDES
532,60,17,0.03623647602873103,3,MENSUEL,NSIA-ETUDES
533,20,18,0.014030056015507098,3,MENSUEL,NSIA-ETUDES
534,21,18,0.014086615321227996,3,MENSUEL,NSIA-ETUDES
535,22,18,0.01414595876119195,3,MENSUEL,NSIA-ETUDES
536,23,18,0.01421266337741021,3,MENSUEL,NSIA-ETUDES
537,24,18,0.014289334787699259,3,MENSUEL,NSIA-ETUDES
538,25,18,0.0143771130385951,3,MENSUEL,NSIA-ETUDES
539,26,18,0.014477992731005414,3,MENSUEL,NSIA-ETUDES
540,27,18,0.014592364345129064,3,MENSUEL,NSIA-ETUDES
541,28,18,0.014722311372553882,3,MENSUEL,NSIA-ETUDES
542,29,18,0.014870647803409864,3,MENSUEL,NSIA-ETUDES
543,30,18,0.015039203287019572,3,MENSUEL,NSIA-ETUDES
544,31,18,0.015231307262936146,3,MENSUEL,NSIA-ETUDES
545,32,18,0.015450438010116967,3,MENSUEL,NSIA-ETUDES
546,33,18,0.01569534665583217,3,MENSUEL,NSIA-ETUDES
547,34,18,0.015964778114740372,3,MENSUEL,NSIA-ETUDES
548,35,18,0.016255847623466796,3,MENSUEL,NSIA-ETUDES
549,36,18,0.01657131686872767,3,MENSUEL,NSIA-ETUDES
550,37,18,0.016910162020697093,3,MENSUEL,NSIA-ETUDES
551,38,18,0.01727394135274153,3,MENSUEL,NSIA-ETUDES
552,39,18,0.017661785445888558,3,MENSUEL,NSIA-ETUDES
553,40,18,0.01807199781390443,3,MENSUEL,NSIA-ETUDES
554,41,18,0.018503262712392967,3,MENSUEL,NSIA-ETUDES
555,42,18,0.01895185276437592,3,MENSUEL,NSIA-ETUDES
556,43,18,0.01942126910061614,3,MENSUEL,NSIA-ETUDES
557,44,18,0.01991253305243963,3,MENSUEL,NSIA-ETUDES
558,45,18,0.020429156990583206,3,MENSUEL,NSIA-ETUDES
559,46,18,0.020974476191038326,3,MENSUEL,NSIA-ETUDES
560,47,18,0.021556240589979906,3,MENSUEL,NSIA-ETUDES
561,48,18,0.02218512167744402,3,MENSUEL,NSIA-ETUDES
562,49,18,0.02287211511036784,3,MENSUEL,NSIA-ETUDES
563,50,18,0.02362752059645726,3,MENSUEL,NSIA-ETUDES
564,51,18,0.024461900795527576,3,MENSUEL,NSIA-ETUDES
565,52,18,0.02538216912285288,3,MENSUEL,NSIA-ETUDES
566,53,18,0.0263975292766544,3,MENSUEL,NSIA-ETUDES
567,54,18,0.027519306463586586,3,MENSUEL,NSIA-ETUDES
568,55,18,0.02875818720122522,3,MENSUEL,NSIA-ETUDES
569,56,18,0.030129295367501023,3,MENSUEL,NSIA-ETUDES
570,57,18,0.03164954667632505,3,MENSUEL,NSIA-ETUDES
571,58,18,0.03330809986740189,3,MENSUEL,NSIA-ETUDES
572,59,18,0.03510853618270027,3,MENSUEL,NSIA-ETUDES
573,60,18,0.03703655446877921,3,MENSUEL,NSIA-ETUDES
574,20,19,0.013294111950810495,3,MENSUEL,NSIA-ETUDES
575,21,19,0.013356292946714315,3,MENSUEL,NSIA-ETUDES
576,22,19,0.013422135491889389,3,MENSUEL,NSIA-ETUDES
577,23,19,0.013496373750606158,3,MENSUEL,NSIA-ETUDES
578,24,19,0.013581716895203261,3,MENSUEL,NSIA-ETUDES
579,25,19,0.013679317285850996,3,MENSUEL,NSIA-ETUDES
580,26,19,0.013791207108026544,3,MENSUEL,NSIA-ETUDES
581,27,19,0.01391778770088907,3,MENSUEL,NSIA-ETUDES
582,28,19,0.014061096049951578,3,MENSUEL,NSIA-ETUDES
583,29,19,0.014223797194032306,3,MENSUEL,NSIA-ETUDES
584,30,19,0.014407555882415535,3,MENSUEL,NSIA-ETUDES
585,31,19,0.014615565022848838,3,MENSUEL,NSIA-ETUDES
586,32,19,0.01485119368509203,3,MENSUEL,NSIA-ETUDES
587,33,19,0.015113180294575717,3,MENSUEL,NSIA-ETUDES
588,34,19,0.015400337760719411,3,MENSUEL,NSIA-ETUDES
589,35,19,0.01570982533597806,3,MENSUEL,NSIA-ETUDES
590,36,19,0.01604444433573056,3,MENSUEL,NSIA-ETUDES
591,37,19,0.01640322152448177,3,MENSUEL,NSIA-ETUDES
592,38,19,0.016787706975075086,3,MENSUEL,NSIA-ETUDES
593,39,19,0.01719743419336784,3,MENSUEL,NSIA-ETUDES
594,40,19,0.01763144063640493,3,MENSUEL,NSIA-ETUDES
595,41,19,0.018089090274746426,3,MENSUEL,NSIA-ETUDES
596,42,19,0.018567232600625434,3,MENSUEL,NSIA-ETUDES
597,43,19,0.01906973546473174,3,MENSUEL,NSIA-ETUDES
598,44,19,0.019598157687916194,3,MENSUEL,NSIA-ETUDES
599,45,19,0.020155986223592534,3,MENSUEL,NSIA-ETUDES
600,46,19,0.02074692931295003,3,MENSUEL,NSIA-ETUDES
601,47,19,0.02137925792237642,3,MENSUEL,NSIA-ETUDES
602,48,19,0.022063657146999854,3,MENSUEL,NSIA-ETUDES
603,49,19,0.022810806384045028,3,MENSUEL,NSIA-ETUDES
604,50,19,0.023630533620553507,3,MENSUEL,NSIA-ETUDES
605,51,19,0.02453370533176672,3,MENSUEL,NSIA-ETUDES
606,52,19,0.0255275790005913,3,MENSUEL,NSIA-ETUDES
607,53,19,0.02662177125826751,3,MENSUEL,NSIA-ETUDES
608,54,19,0.027827963578092155,3,MENSUEL,NSIA-ETUDES
609,55,19,0.02915714662433776,3,MENSUEL,NSIA-ETUDES
610,56,19,0.030624854664329033,3,MENSUEL,NSIA-ETUDES
611,57,19,0.03224860452300489,3,MENSUEL,NSIA-ETUDES
612,58,19,0.034018276917194376,3,MENSUEL,NSIA-ETUDES
613,59,19,0.03593831319069199,3,MENSUEL,NSIA-ETUDES
614,60,19,0.037995287513829815,3,MENSUEL,NSIA-ETUDES
615,20,20,0.012648204506964468,3,MENSUEL,NSIA-ETUDES
616,21,20,0.012716559939671886,3,MENSUEL,NSIA-ETUDES
617,22,20,0.01278956640325019,3,MENSUEL,NSIA-ETUDES
618,23,20,0.012872053715248221,3,MENSUEL,NSIA-ETUDES
619,24,20,0.01296674088351145,3,MENSUEL,NSIA-ETUDES
620,25,20,0.013074822416526013,3,MENSUEL,NSIA-ETUDES
621,26,20,0.01319833676256609,3,MENSUEL,NSIA-ETUDES
622,27,20,0.013337651810576197,3,MENSUEL,NSIA-ETUDES
623,28,20,0.013494675545672803,3,MENSUEL,NSIA-ETUDES
624,29,20,0.01367192255351981,3,MENSUEL,NSIA-ETUDES
625,30,20,0.013870943564231243,3,MENSUEL,NSIA-ETUDES
626,31,20,0.0140948393491948,3,MENSUEL,NSIA-ETUDES
627,32,20,0.014346953400220653,3,MENSUEL,NSIA-ETUDES
628,33,20,0.014626083865451353,3,MENSUEL,NSIA-ETUDES
629,34,20,0.014931073747016068,3,MENSUEL,NSIA-ETUDES
630,35,20,0.015259137095088223,3,MENSUEL,NSIA-ETUDES
631,36,20,0.015613111947532371,3,MENSUEL,NSIA-ETUDES
632,37,20,0.01599202573457628,3,MENSUEL,NSIA-ETUDES
633,38,20,0.016397796864734523,3,MENSUEL,NSIA-ETUDES
634,39,20,0.016830629857995875,3,MENSUEL,NSIA-ETUDES
635,40,20,0.017290187609058323,3,MENSUEL,NSIA-ETUDES
636,41,20,0.017776352264797537,3,MENSUEL,NSIA-ETUDES
637,42,20,0.018286329252467374,3,MENSUEL,NSIA-ETUDES
638,43,20,0.01882448033932816,3,MENSUEL,NSIA-ETUDES
639,44,20,0.01939235016408523,3,MENSUEL,NSIA-ETUDES
640,45,20,0.019993779059016507,3,MENSUEL,NSIA-ETUDES
641,46,20,0.020632970494226716,3,MENSUEL,NSIA-ETUDES
642,47,20,0.02131822854321326,3,MENSUEL,NSIA-ETUDES
643,48,20,0.02205996326824481,3,MENSUEL,NSIA-ETUDES
644,49,20,0.02286843827232788,3,MENSUEL,NSIA-ETUDES
645,50,20,0.023753775743417128,3,MENSUEL,NSIA-ETUDES
646,51,20,0.024727172091345437,3,MENSUEL,NSIA-ETUDES
647,52,20,0.02579627192676224,3,MENSUEL,NSIA-ETUDES
648,53,20,0.026971027534614146,3,MENSUEL,NSIA-ETUDES
649,54,20,0.028263411600035877,3,MENSUEL,NSIA-ETUDES
650,55,20,0.029684792648965314,3,MENSUEL,NSIA-ETUDES
651,56,20,0.031251264312037466,3,MENSUEL,NSIA-ETUDES
652,57,20,0.03298109697031435,3,MENSUEL,NSIA-ETUDES
653,58,20,0.034864893914347224,3,MENSUEL,NSIA-ETUDES
654,59,20,0.03690797091186228,3,MENSUEL,NSIA-ETUDES
655,60,20,0.03909809918469673,3,MENSUEL,NSIA-ETUDES
656,26,5,0.07276368471296088,4,MENSUEL,NSIA-ETUDES
657,27,5,0.07278538523195088,4,MENSUEL,NSIA-ETUDES
658,28,5,0.07280713025952514,4,MENSUEL,NSIA-ETUDES
659,29,5,0.07283044661835665,4,MENSUEL,NSIA-ETUDES
660,30,5,0.07285658407568311,4,MENSUEL,NSIA-ETUDES
661,31,5,0.07288981834781175,4,MENSUEL,NSIA-ETUDES
662,32,5,0.07293504439692458,4,MENSUEL,NSIA-ETUDES
663,33,5,0.07299117661133368,4,MENSUEL,NSIA-ETUDES
664,34,5,0.07305672095035365,4,MENSUEL,NSIA-ETUDES
665,35,5,0.07312785023530616,4,MENSUEL,NSIA-ETUDES
666,36,5,0.07320888183149925,4,MENSUEL,NSIA-ETUDES
667,37,5,0.07330001121421763,4,MENSUEL,NSIA-ETUDES
668,38,5,0.07340575876844614,4,MENSUEL,NSIA-ETUDES
669,39,5,0.07352740911707513,4,MENSUEL,NSIA-ETUDES
670,40,5,0.07366463697960415,4,MENSUEL,NSIA-ETUDES
671,41,5,0.07381620262024713,4,MENSUEL,NSIA-ETUDES
672,42,5,0.07397572342201396,4,MENSUEL,NSIA-ETUDES
673,43,5,0.0741441664648827,4,MENSUEL,NSIA-ETUDES
674,44,5,0.07431722344176604,4,MENSUEL,NSIA-ETUDES
675,45,5,0.07449163903298983,4,MENSUEL,NSIA-ETUDES
676,46,5,0.07466271564966567,4,MENSUEL,NSIA-ETUDES
677,47,5,0.07483041309431646,4,MENSUEL,NSIA-ETUDES
678,48,5,0.07499825365557974,4,MENSUEL,NSIA-ETUDES
679,49,5,0.07517035197170731,4,MENSUEL,NSIA-ETUDES
680,50,5,0.07535032991092151,4,MENSUEL,NSIA-ETUDES
681,51,5,0.07554275975342939,4,MENSUEL,NSIA-ETUDES
682,52,5,0.07574607887664428,4,MENSUEL,NSIA-ETUDES
683,53,5,0.07596186354397538,4,MENSUEL,NSIA-ETUDES
684,54,5,0.0761983248676723,4,MENSUEL,NSIA-ETUDES
685,55,5,0.07646568104015536,4,MENSUEL,NSIA-ETUDES
686,56,5,0.07678349944233961,4,MENSUEL,NSIA-ETUDES
687,57,5,0.07717448963196877,4,MENSUEL,NSIA-ETUDES
688,58,5,0.07762796015232672,4,MENSUEL,NSIA-ETUDES
689,59,5,0.0781466733819236,4,MENSUEL,NSIA-ETUDES
690,60,5,0.07870842289079799,4,MENSUEL,NSIA-ETUDES
691,26,6,0.05984404905252775,4,MENSUEL,NSIA-ETUDES
692,27,6,0.05986884084196344,4,MENSUEL,NSIA-ETUDES
693,28,6,0.059894570815504714,4,MENSUEL,NSIA-ETUDES
694,29,6,0.059923404772573,4,MENSUEL,NSIA-ETUDES
695,30,6,0.05995692162557964,4,MENSUEL,NSIA-ETUDES
696,31,6,0.05999888103302173,4,MENSUEL,NSIA-ETUDES
697,32,6,0.060053912658262085,4,MENSUEL,NSIA-ETUDES
698,33,6,0.06012074277030573,4,MENSUEL,NSIA-ETUDES
699,34,6,0.060198206239373095,4,MENSUEL,NSIA-ETUDES
700,35,6,0.060283141407898755,4,MENSUEL,NSIA-ETUDES
701,36,6,0.06038022093445592,4,MENSUEL,NSIA-ETUDES
702,37,6,0.06049001190242215,4,MENSUEL,NSIA-ETUDES
703,38,6,0.06061631618304781,4,MENSUEL,NSIA-ETUDES
704,39,6,0.060760169975908565,4,MENSUEL,NSIA-ETUDES
705,40,6,0.06092089098337283,4,MENSUEL,NSIA-ETUDES
706,41,6,0.061096854772891646,4,MENSUEL,NSIA-ETUDES
707,42,6,0.061281185226129804,4,MENSUEL,NSIA-ETUDES
708,43,6,0.06147402300393841,4,MENSUEL,NSIA-ETUDES
709,44,6,0.06167087064727575,4,MENSUEL,NSIA-ETUDES
710,45,6,0.06186860821597035,4,MENSUEL,NSIA-ETUDES
711,46,6,0.06206320021669014,4,MENSUEL,NSIA-ETUDES
712,47,6,0.062255588775136886,4,MENSUEL,NSIA-ETUDES
713,48,6,0.06244967233844749,4,MENSUEL,NSIA-ETUDES
714,49,6,0.06264973280148994,4,MENSUEL,NSIA-ETUDES
715,50,6,0.06285950984975773,4,MENSUEL,NSIA-ETUDES
716,51,6,0.06308312537679799,4,MENSUEL,NSIA-ETUDES
717,52,6,0.0633205967212366,4,MENSUEL,NSIA-ETUDES
718,53,6,0.06357749848788795,4,MENSUEL,NSIA-ETUDES
719,54,6,0.06386406647933318,4,MENSUEL,NSIA-ETUDES
720,55,6,0.06419222699424437,4,MENSUEL,NSIA-ETUDES
721,56,6,0.06457981314785018,4,MENSUEL,NSIA-ETUDES
722,57,6,0.06504939475692009,4,MENSUEL,NSIA-ETUDES
723,58,6,0.06558792525159475,4,MENSUEL,NSIA-ETUDES
724,59,6,0.06619754209371209,4,MENSUEL,NSIA-ETUDES
725,60,6,0.06685933822704442,4,MENSUEL,NSIA-ETUDES
726,26,7,0.0506593434351043,4,MENSUEL,NSIA-ETUDES
727,27,7,0.05068782662658734,4,MENSUEL,NSIA-ETUDES
728,28,7,0.050718541234674806,4,MENSUEL,NSIA-ETUDES
729,29,7,0.05075390294431865,4,MENSUEL,NSIA-ETUDES
730,30,7,0.05079528485690176,4,MENSUEL,NSIA-ETUDES
731,31,7,0.050846390377239814,4,MENSUEL,NSIA-ETUDES
732,32,7,0.050911512646502864,4,MENSUEL,NSIA-ETUDES
733,33,7,0.05098959688517167,4,MENSUEL,NSIA-ETUDES
734,34,7,0.051079829149121285,4,MENSUEL,NSIA-ETUDES
735,35,7,0.05117966878906416,4,MENSUEL,NSIA-ETUDES
736,36,7,0.051293939198152436,4,MENSUEL,NSIA-ETUDES
737,37,7,0.05142288000276637,4,MENSUEL,NSIA-ETUDES
738,38,7,0.051570052944237145,4,MENSUEL,NSIA-ETUDES
739,39,7,0.05173616600116512,4,MENSUEL,NSIA-ETUDES
740,40,7,0.05192017413186944,4,MENSUEL,NSIA-ETUDES
741,41,7,0.0521197564608612,4,MENSUEL,NSIA-ETUDES
742,42,7,0.0523276311891554,4,MENSUEL,NSIA-ETUDES
743,43,7,0.05254355597069411,4,MENSUEL,NSIA-ETUDES
744,44,7,0.05276309087733919,4,MENSUEL,NSIA-ETUDES
745,45,7,0.05298348742417352,4,MENSUEL,NSIA-ETUDES
746,46,7,0.053201594218557344,4,MENSUEL,NSIA-ETUDES
747,47,7,0.05341881310442274,4,MENSUEL,NSIA-ETUDES
748,48,7,0.053639295808616386,4,MENSUEL,NSIA-ETUDES
749,49,7,0.05386748852886293,4,MENSUEL,NSIA-ETUDES
750,50,7,0.05410691926058509,4,MENSUEL,NSIA-ETUDES
751,51,7,0.05436284716228922,4,MENSUEL,NSIA-ETUDES
752,52,7,0.05463850519703629,4,MENSUEL,NSIA-ETUDES
753,53,7,0.05494140843658459,4,MENSUEL,NSIA-ETUDES
754,54,7,0.05528333962730987,4,MENSUEL,NSIA-ETUDES
755,55,7,0.05567564792856906,4,MENSUEL,NSIA-ETUDES
756,56,7,0.05613670878029399,4,MENSUEL,NSIA-ETUDES
757,57,7,0.056686119217383195,4,MENSUEL,NSIA-ETUDES
758,58,7,0.057310899185640383,4,MENSUEL,NSIA-ETUDES
759,59,7,0.05801456540064834,4,MENSUEL,NSIA-ETUDES
760,60,7,0.058777735991661806,4,MENSUEL,NSIA-ETUDES
761,26,8,0.04380971062916531,4,MENSUEL,NSIA-ETUDES
762,27,8,0.04384277097569613,4,MENSUEL,NSIA-ETUDES
763,28,8,0.04387941184471287,4,MENSUEL,NSIA-ETUDES
764,29,8,0.043921899242529816,4,MENSUEL,NSIA-ETUDES
765,30,8,0.043971686889911696,4,MENSUEL,NSIA-ETUDES
766,31,8,0.04403232088175899,4,MENSUEL,NSIA-ETUDES
767,32,8,0.044108117502456926,4,MENSUEL,NSIA-ETUDES
768,33,8,0.04419828522709055,4,MENSUEL,NSIA-ETUDES
769,34,8,0.044302407423543654,4,MENSUEL,NSIA-ETUDES
770,35,8,0.04441831807582773,4,MENSUEL,NSIA-ETUDES
771,36,8,0.04455048851576394,4,MENSUEL,NSIA-ETUDES
772,37,8,0.04469911748769974,4,MENSUEL,NSIA-ETUDES
773,38,8,0.04486745980518579,4,MENSUEL,NSIA-ETUDES
774,39,8,0.045055873759930705,4,MENSUEL,NSIA-ETUDES
775,40,8,0.04526269579400135,4,MENSUEL,NSIA-ETUDES
776,41,8,0.04548503443228484,4,MENSUEL,NSIA-ETUDES
777,42,8,0.04571547104659605,4,MENSUEL,NSIA-ETUDES
778,43,8,0.045953625763691226,4,MENSUEL,NSIA-ETUDES
779,44,8,0.04619534136159343,4,MENSUEL,NSIA-ETUDES
780,45,8,0.046438483683003885,4,MENSUEL,NSIA-ETUDES
781,46,8,0.046680387338561564,4,MENSUEL,NSIA-ETUDES
782,47,8,0.046922798337995016,4,MENSUEL,NSIA-ETUDES
783,48,8,0.047170085940084844,4,MENSUEL,NSIA-ETUDES
784,49,8,0.047426582676235236,4,MENSUEL,NSIA-ETUDES
785,50,8,0.04769689465827635,4,MENSUEL,NSIA-ETUDES
786,51,8,0.04798878071595374,4,MENSUEL,NSIA-ETUDES
787,52,8,0.04830725749259421,4,MENSUEL,NSIA-ETUDES
788,53,8,0.04866131752328488,4,MENSUEL,NSIA-ETUDES
789,54,8,0.049062563911010576,4,MENSUEL,NSIA-ETUDES
790,55,8,0.049523228930544644,4,MENSUEL,NSIA-ETUDES
791,56,8,0.050059781406481284,4,MENSUEL,NSIA-ETUDES
792,57,8,0.05069103057524616,4,MENSUEL,NSIA-ETUDES
793,58,8,0.05140542340554103,4,MENSUEL,NSIA-ETUDES
794,59,8,0.052205329091030345,4,MENSUEL,NSIA-ETUDES
795,60,8,0.05307032903658842,4,MENSUEL,NSIA-ETUDES
796,26,9,0.03851785721584346,4,MENSUEL,NSIA-ETUDES
797,27,9,0.03855636035833876,4,MENSUEL,NSIA-ETUDES
798,28,9,0.038599552063057936,4,MENSUEL,NSIA-ETUDES
799,29,9,0.03864976575891435,4,MENSUEL,NSIA-ETUDES
800,30,9,0.03870842837006035,4,MENSUEL,NSIA-ETUDES
801,31,9,0.03877918784061222,4,MENSUEL,NSIA-ETUDES
802,32,9,0.03886645876561246,4,MENSUEL,NSIA-ETUDES
803,33,9,0.038969775242590064,4,MENSUEL,NSIA-ETUDES
804,34,9,0.03908894570954636,4,MENSUEL,NSIA-ETUDES
805,35,9,0.039221724622698684,4,MENSUEL,NSIA-ETUDES
806,36,9,0.03937246706129706,4,MENSUEL,NSIA-ETUDES
807,37,9,0.03954123483892816,4,MENSUEL,NSIA-ETUDES
808,38,9,0.039730945422648455,4,MENSUEL,NSIA-ETUDES
809,39,9,0.03994139266600132,4,MENSUEL,NSIA-ETUDES
810,40,9,0.04017038733194355,4,MENSUEL,NSIA-ETUDES
811,41,9,0.040414731542469676,4,MENSUEL,NSIA-ETUDES
812,42,9,0.04066702439212019,4,MENSUEL,NSIA-ETUDES
813,43,9,0.04092698672323451,4,MENSUEL,NSIA-ETUDES
814,44,9,0.04119096093624929,4,MENSUEL,NSIA-ETUDES
815,45,9,0.041457154021283256,4,MENSUEL,NSIA-ETUDES
816,46,9,0.04172328864422962,4,MENSUEL,NSIA-ETUDES
817,47,9,0.041991397395570854,4,MENSUEL,NSIA-ETUDES
818,48,9,0.042265824195722675,4,MENSUEL,NSIA-ETUDES
819,49,9,0.04255188256947805,4,MENSUEL,NSIA-ETUDES
820,50,9,0.04285635441107067,4,MENSUEL,NSIA-ETUDES
821,51,9,0.04318849036086922,4,MENSUEL,NSIA-ETUDES
822,52,9,0.043554671780390936,4,MENSUEL,NSIA-ETUDES
823,53,9,0.04396400474283612,4,MENSUEL,NSIA-ETUDES
824,54,9,0.04442897080306056,4,MENSUEL,NSIA-ETUDES
825,55,9,0.0449605803416761,4,MENSUEL,NSIA-ETUDES
826,56,9,0.045575021017375685,4,MENSUEL,NSIA-ETUDES
827,57,9,0.046291579069178156,4,MENSUEL,NSIA-ETUDES
828,58,9,0.047098043108687454,4,MENSUEL,NSIA-ETUDES
829,59,9,0.04799528341938678,4,MENSUEL,NSIA-ETUDES
830,60,9,0.04896113181419538,4,MENSUEL,NSIA-ETUDES
831,26,10,0.034317607278073745,4,MENSUEL,NSIA-ETUDES
832,27,10,0.034362173569673714,4,MENSUEL,NSIA-ETUDES
833,28,10,0.03441252952645253,4,MENSUEL,NSIA-ETUDES
834,29,10,0.03447099104554022,4,MENSUEL,NSIA-ETUDES
835,30,10,0.03453915266287415,4,MENSUEL,NSIA-ETUDES
836,31,10,0.03462081070447582,4,MENSUEL,NSIA-ETUDES
837,32,10,0.03472056484694174,4,MENSUEL,NSIA-ETUDES
838,33,10,0.03483813130142359,4,MENSUEL,NSIA-ETUDES
839,34,10,0.03497319457065331,4,MENSUEL,NSIA-ETUDES
840,35,10,0.0351235734605971,4,MENSUEL,NSIA-ETUDES
841,36,10,0.03529344029420185,4,MENSUEL,NSIA-ETUDES
842,37,10,0.03548265615604101,4,MENSUEL,NSIA-ETUDES
843,38,10,0.035693616435499634,4,MENSUEL,NSIA-ETUDES
844,39,10,0.03592562240856383,4,MENSUEL,NSIA-ETUDES
845,40,10,0.03617617849397807,4,MENSUEL,NSIA-ETUDES
846,41,10,0.03644194709229866,4,MENSUEL,NSIA-ETUDES
847,42,10,0.036715724391731826,4,MENSUEL,NSIA-ETUDES
848,43,10,0.03699754819238775,4,MENSUEL,NSIA-ETUDES
849,44,10,0.037284050614702004,4,MENSUEL,NSIA-ETUDES
850,45,10,0.03757372791275264,4,MENSUEL,NSIA-ETUDES
851,46,10,0.03786462772397362,4,MENSUEL,NSIA-ETUDES
852,47,10,0.03815884922161295,4,MENSUEL,NSIA-ETUDES
853,48,10,0.03846165389881254,4,MENSUEL,NSIA-ETUDES
854,49,10,0.03878025202900666,4,MENSUEL,NSIA-ETUDES
855,50,10,0.0391228265902294,4,MENSUEL,NSIA-ETUDES
856,51,10,0.039499772645203914,4,MENSUEL,NSIA-ETUDES
857,52,10,0.039917740456790904,4,MENSUEL,NSIA-ETUDES
858,53,10,0.040386738672516256,4,MENSUEL,NSIA-ETUDES
859,54,10,0.04091834639898877,4,MENSUEL,NSIA-ETUDES
860,55,10,0.04152362485464574,4,MENSUEL,NSIA-ETUDES
861,56,10,0.0422193961087631,4,MENSUEL,NSIA-ETUDES
862,57,10,0.04302388377095741,4,MENSUEL,NSIA-ETUDES
863,58,10,0.04392377752902832,4,MENSUEL,NSIA-ETUDES
864,59,10,0.04491802818426336,4,MENSUEL,NSIA-ETUDES
865,60,10,0.045985485873232625,4,MENSUEL,NSIA-ETUDES
866,26,11,0.030912287020183102,4,MENSUEL,NSIA-ETUDES
867,27,11,0.030963523731957227,4,MENSUEL,NSIA-ETUDES
868,28,11,0.03102158439242453,4,MENSUEL,NSIA-ETUDES
869,29,11,0.031088933086747355,4,MENSUEL,NSIA-ETUDES
870,30,11,0.03116735927795428,4,MENSUEL,NSIA-ETUDES
871,31,11,0.031260874971351764,4,MENSUEL,NSIA-ETUDES
872,32,11,0.03137415664739334,4,MENSUEL,NSIA-ETUDES
873,33,11,0.03150681446647687,4,MENSUEL,NSIA-ETUDES
874,34,11,0.031658538678882034,4,MENSUEL,NSIA-ETUDES
875,35,11,0.03182712373724249,4,MENSUEL,NSIA-ETUDES
876,36,11,0.03201650847370135,4,MENSUEL,NSIA-ETUDES
877,37,11,0.03222616956978494,4,MENSUEL,NSIA-ETUDES
878,38,11,0.03245803735277311,4,MENSUEL,NSIA-ETUDES
879,39,11,0.03271110685177154,4,MENSUEL,NSIA-ETUDES
880,40,11,0.03298272142146495,4,MENSUEL,NSIA-ETUDES
881,41,11,0.03326959332230735,4,MENSUEL,NSIA-ETUDES
882,42,11,0.03356488191353546,4,MENSUEL,NSIA-ETUDES
883,43,11,0.033868793456545525,4,MENSUEL,NSIA-ETUDES
884,44,11,0.0341782160738237,4,MENSUEL,NSIA-ETUDES
885,45,11,0.034491895127533735,4,MENSUEL,NSIA-ETUDES
886,46,11,0.03480800625626203,4,MENSUEL,NSIA-ETUDES
887,47,11,0.03512953474566534,4,MENSUEL,NSIA-ETUDES
888,48,11,0.03546343428765117,4,MENSUEL,NSIA-ETUDES
889,49,11,0.03581820554023642,4,MENSUEL,NSIA-ETUDES
890,50,11,0.03620311012364669,4,MENSUEL,NSIA-ETUDES
891,51,11,0.03662881203433858,4,MENSUEL,NSIA-ETUDES
892,52,11,0.037102844843374776,4,MENSUEL,NSIA-ETUDES
893,53,11,0.03763458044371395,4,MENSUEL,NSIA-ETUDES
894,54,11,0.038235759135961785,4,MENSUEL,NSIA-ETUDES
895,55,11,0.03891817777350984,4,MENSUEL,NSIA-ETUDES
896,56,11,0.03969794267911737,4,MENSUEL,NSIA-ETUDES
897,57,11,0.04059190671599156,4,MENSUEL,NSIA-ETUDES
898,58,11,0.041585266359421766,4,MENSUEL,NSIA-ETUDES
899,59,11,0.04267748729130272,4,MENSUEL,NSIA-ETUDES
900,60,11,0.04384836427013925,4,MENSUEL,NSIA-ETUDES
901,26,12,0.028104225782856623,4,MENSUEL,NSIA-ETUDES
902,27,12,0.028162676514820576,4,MENSUEL,NSIA-ETUDES
903,28,12,0.02822907888787332,4,MENSUEL,NSIA-ETUDES
904,29,12,0.028306071255860658,4,MENSUEL,NSIA-ETUDES
905,30,12,0.028395690342834675,4,MENSUEL,NSIA-ETUDES
906,31,12,0.02850205658658713,4,MENSUEL,NSIA-ETUDES
907,32,12,0.028629692182649828,4,MENSUEL,NSIA-ETUDES
908,33,12,0.028778209774283414,4,MENSUEL,NSIA-ETUDES
909,34,12,0.02894723860416092,4,MENSUEL,NSIA-ETUDES
910,35,12,0.029134475130162405,4,MENSUEL,NSIA-ETUDES
911,36,12,0.029343469945654222,4,MENSUEL,NSIA-ETUDES
912,37,12,0.029573344204270404,4,MENSUEL,NSIA-ETUDES
913,38,12,0.029825723875704254,4,MENSUEL,NSIA-ETUDES
914,39,12,0.030099426007131475,4,MENSUEL,NSIA-ETUDES
915,40,12,0.030391806733308577,4,MENSUEL,NSIA-ETUDES
916,41,12,0.03069979688872082,4,MENSUEL,NSIA-ETUDES
917,42,12,0.031016779914606003,4,MENSUEL,NSIA-ETUDES
918,43,12,0.031343123254232816,4,MENSUEL,NSIA-ETUDES
919,44,12,0.031675938324208064,4,MENSUEL,NSIA-ETUDES
920,45,12,0.032014060814270544,4,MENSUEL,NSIA-ETUDES
921,46,12,0.032356517335221595,4,MENSUEL,NSIA-ETUDES
922,47,12,0.03270784011309982,4,MENSUEL,NSIA-ETUDES
923,48,12,0.033076186769437785,4,MENSUEL,NSIA-ETUDES
924,49,12,0.03347105488982884,4,MENSUEL,NSIA-ETUDES
925,50,12,0.033902050338345,4,MENSUEL,NSIA-ETUDES
926,51,12,0.034380615987439266,4,MENSUEL,NSIA-ETUDES
927,52,12,0.03491382694981796,4,MENSUEL,NSIA-ETUDES
928,53,12,0.035511319332490604,4,MENSUEL,NSIA-ETUDES
929,54,12,0.036185543297418216,4,MENSUEL,NSIA-ETUDES
930,55,12,0.03694783649561089,4,MENSUEL,NSIA-ETUDES
931,56,12,0.03781323502584284,4,MENSUEL,NSIA-ETUDES
932,57,12,0.03879698945555444,4,MENSUEL,NSIA-ETUDES
933,58,12,0.03988484004625343,4,MENSUEL,NSIA-ETUDES
934,59,12,0.04107681254349664,4,MENSUEL,NSIA-ETUDES
935,60,12,0.04235366797954326,4,MENSUEL,NSIA-ETUDES
936,26,13,0.02575662816575033,4,MENSUEL,NSIA-ETUDES
937,27,13,0.025822919426713508,4,MENSUEL,NSIA-ETUDES
938,28,13,0.025898401948986714,4,MENSUEL,NSIA-ETUDES
939,29,13,0.025985938626060707,4,MENSUEL,NSIA-ETUDES
940,30,13,0.026087707950409267,4,MENSUEL,NSIA-ETUDES
941,31,13,0.026207731958815005,4,MENSUEL,NSIA-ETUDES
942,32,13,0.026350480351482616,4,MENSUEL,NSIA-ETUDES
943,33,13,0.026515510436709407,4,MENSUEL,NSIA-ETUDES
944,34,13,0.026702329313483195,4,MENSUEL,NSIA-ETUDES
945,35,13,0.02690837748118167,4,MENSUEL,NSIA-ETUDES
946,36,13,0.027136845515191594,4,MENSUEL,NSIA-ETUDES
947,37,13,0.027386625563916703,4,MENSUEL,NSIA-ETUDES
948,38,13,0.027659153401957938,4,MENSUEL,NSIA-ETUDES
949,39,13,0.02795322803337582,4,MENSUEL,NSIA-ETUDES
950,40,13,0.028266371900722818,4,MENSUEL,NSIA-ETUDES
951,41,13,0.028595634474270194,4,MENSUEL,NSIA-ETUDES
952,42,13,0.028934607974458584,4,MENSUEL,NSIA-ETUDES
953,43,13,0.029283805290589868,4,MENSUEL,NSIA-ETUDES
954,44,13,0.029640424910292604,4,MENSUEL,NSIA-ETUDES
955,45,13,0.03000405158800167,4,MENSUEL,NSIA-ETUDES
956,46,13,0.030375134653817675,4,MENSUEL,NSIA-ETUDES
957,47,13,0.03075934902757405,4,MENSUEL,NSIA-ETUDES
958,48,13,0.031165786162831086,4,MENSUEL,NSIA-ETUDES
959,49,13,0.031604319581578735,4,MENSUEL,NSIA-ETUDES
960,50,13,0.03208531438605969,4,MENSUEL,NSIA-ETUDES
961,51,13,0.03261982573985815,4,MENSUEL,NSIA-ETUDES
962,52,13,0.03321525027866111,4,MENSUEL,NSIA-ETUDES
963,53,13,0.03388193025936595,4,MENSUEL,NSIA-ETUDES
964,54,13,0.03463197869726198,4,MENSUEL,NSIA-ETUDES
965,55,13,0.0354758977049234,4,MENSUEL,NSIA-ETUDES
966,56,13,0.036427426639539455,4,MENSUEL,NSIA-ETUDES
967,57,13,0.03750205362784783,4,MENSUEL,NSIA-ETUDES
968,58,13,0.038686084351844015,4,MENSUEL,NSIA-ETUDES
969,59,13,0.03998020434447561,4,MENSUEL,NSIA-ETUDES
970,60,13,0.04136590933952907,4,MENSUEL,NSIA-ETUDES
971,26,14,0.023771945834214277,4,MENSUEL,NSIA-ETUDES
972,27,14,0.023846794401018157,4,MENSUEL,NSIA-ETUDES
973,28,14,0.023932226031635924,4,MENSUEL,NSIA-ETUDES
974,29,14,0.024031232718729183,4,MENSUEL,NSIA-ETUDES
975,30,14,0.024145947184118794,4,MENSUEL,NSIA-ETUDES
976,31,14,0.02428037413600366,4,MENSUEL,NSIA-ETUDES
977,32,14,0.024438887773319103,4,MENSUEL,NSIA-ETUDES
978,33,14,0.024620933200803503,4,MENSUEL,NSIA-ETUDES
979,34,14,0.02482575864745454,4,MENSUEL,NSIA-ETUDES
980,35,14,0.02505055544951493,4,MENSUEL,NSIA-ETUDES
981,36,14,0.025298269634120497,4,MENSUEL,NSIA-ETUDES
982,37,14,0.025567655471725393,4,MENSUEL,NSIA-ETUDES
983,38,14,0.025860105993749105,4,MENSUEL,NSIA-ETUDES
984,39,14,0.02617454261261396,4,MENSUEL,NSIA-ETUDES
985,40,14,0.026508572363258435,4,MENSUEL,NSIA-ETUDES
986,41,14,0.026859366903669753,4,MENSUEL,NSIA-ETUDES
987,42,14,0.02722070295468997,4,MENSUEL,NSIA-ETUDES
988,43,14,0.027593129866774053,4,MENSUEL,NSIA-ETUDES
989,44,14,0.02797453142470358,4,MENSUEL,NSIA-ETUDES
990,45,14,0.028365752848883218,4,MENSUEL,NSIA-ETUDES
991,46,14,0.028768326585571345,4,MENSUEL,NSIA-ETUDES
992,47,14,0.02918881801562843,4,MENSUEL,NSIA-ETUDES
993,48,14,0.029636719175292776,4,MENSUEL,NSIA-ETUDES
994,49,14,0.03012262607111024,4,MENSUEL,NSIA-ETUDES
995,50,14,0.03065662504464345,4,MENSUEL,NSIA-ETUDES
996,51,14,0.03125008041936218,4,MENSUEL,NSIA-ETUDES
997,52,14,0.031911074251357856,4,MENSUEL,NSIA-ETUDES
998,53,14,0.032649723283858095,4,MENSUEL,NSIA-ETUDES
999,54,14,0.033477435486496766,4,MENSUEL,NSIA-ETUDES
1000,55,14,0.03440365838303538,4,MENSUEL,NSIA-ETUDES
1001,56,14,0.035442420132524514,4,MENSUEL,NSIA-ETUDES
1002,57,14,0.03660953835782656,4,MENSUEL,NSIA-ETUDES
1003,58,14,0.03789195431029354,4,MENSUEL,NSIA-ETUDES
1004,59,14,0.03929087178785874,4,MENSUEL,NSIA-ETUDES
1005,60,14,0.040788331251546454,4,MENSUEL,NSIA-ETUDES
1006,26,15,0.022078818980787573,4,MENSUEL,NSIA-ETUDES
1007,27,15,0.0221630613921108,4,MENSUEL,NSIA-ETUDES
1008,28,15,0.022259334092058297,4,MENSUEL,NSIA-ETUDES
1009,29,15,0.022370592796899492,4,MENSUEL,NSIA-ETUDES
1010,30,15,0.02249898880136106,4,MENSUEL,NSIA-ETUDES
1011,31,15,0.02264846602729864,4,MENSUEL,NSIA-ETUDES
1012,32,15,0.02282325657788756,4,MENSUEL,NSIA-ETUDES
1013,33,15,0.02302256947575595,4,MENSUEL,NSIA-ETUDES
1014,34,15,0.023245402250618413,4,MENSUEL,NSIA-ETUDES
1015,35,15,0.023488786174749268,4,MENSUEL,NSIA-ETUDES
1016,36,15,0.02375550788830132,4,MENSUEL,NSIA-ETUDES
1017,37,15,0.02404431081770933,4,MENSUEL,NSIA-ETUDES
1018,38,15,0.02435667422281888,4,MENSUEL,NSIA-ETUDES
1019,39,15,0.024691574459457095,4,MENSUEL,NSIA-ETUDES
1020,40,15,0.025046711873765302,4,MENSUEL,NSIA-ETUDES
1021,41,15,0.025419369899868215,4,MENSUEL,NSIA-ETUDES
1022,42,15,0.0258034051503228,4,MENSUEL,NSIA-ETUDES
1023,43,15,0.026199957274194198,4,MENSUEL,NSIA-ETUDES
1024,44,15,0.026608051895935615,4,MENSUEL,NSIA-ETUDES
1025,45,15,0.027029514967138134,4,MENSUEL,NSIA-ETUDES
1026,46,15,0.027466726451214903,4,MENSUEL,NSIA-ETUDES
1027,47,15,0.02792667701937268,4,MENSUEL,NSIA-ETUDES
1028,48,15,0.028419551357082046,4,MENSUEL,NSIA-ETUDES
1029,49,15,0.028955740131265437,4,MENSUEL,NSIA-ETUDES
1030,50,15,0.029545668294708283,4,MENSUEL,NSIA-ETUDES
1031,51,15,0.030201323249348967,4,MENSUEL,NSIA-ETUDES
1032,52,15,0.030930638907476823,4,MENSUEL,NSIA-ETUDES
1033,53,15,0.03174314685886638,4,MENSUEL,NSIA-ETUDES
1034,54,15,0.03264935281764157,4,MENSUEL,NSIA-ETUDES
1035,55,15,0.03365902975274646,4,MENSUEL,NSIA-ETUDES
1036,56,15,0.03478656363734158,4,MENSUEL,NSIA-ETUDES
1037,57,15,0.03604822209135179,4,MENSUEL,NSIA-ETUDES
1038,58,15,0.03743143958860566,4,MENSUEL,NSIA-ETUDES
1039,59,15,0.038937819925827406,4,MENSUEL,NSIA-ETUDES
1040,60,15,0.04055002064245045,4,MENSUEL,NSIA-ETUDES
1041,26,16,0.020623937407095935,4,MENSUEL,NSIA-ETUDES
1042,27,16,0.02071843198581701,4,MENSUEL,NSIA-ETUDES
1043,28,16,0.02082631033706511,4,MENSUEL,NSIA-ETUDES
1044,29,16,0.020950547932807935,4,MENSUEL,NSIA-ETUDES
1045,30,16,0.02109327057931162,4,MENSUEL,NSIA-ETUDES
1046,31,16,0.02125831345822586,4,MENSUEL,NSIA-ETUDES
1047,32,16,0.021449659054822576,4,MENSUEL,NSIA-ETUDES
1048,33,16,0.02166628595737931,4,MENSUEL,NSIA-ETUDES
1049,34,16,0.02190702327540984,4,MENSUEL,NSIA-ETUDES
1050,35,16,0.022168807948314447,4,MENSUEL,NSIA-ETUDES
1051,36,16,0.02245438729261333,4,MENSUEL,NSIA-ETUDES
1052,37,16,0.0227626050425268,4,MENSUEL,NSIA-ETUDES
1053,38,16,0.02309497046095746,4,MENSUEL,NSIA-ETUDES
1054,39,16,0.02345052741652363,4,MENSUEL,NSIA-ETUDES
1055,40,16,0.02382706285979816,4,MENSUEL,NSIA-ETUDES
1056,41,16,0.024221888088340686,4,MENSUEL,NSIA-ETUDES
1057,42,16,0.024629439983867962,4,MENSUEL,NSIA-ETUDES
1058,43,16,0.02505186505650253,4,MENSUEL,NSIA-ETUDES
1059,44,16,0.02548909477289371,4,MENSUEL,NSIA-ETUDES
1060,45,16,0.025943723149172968,4,MENSUEL,NSIA-ETUDES
1061,46,16,0.026418568433411067,4,MENSUEL,NSIA-ETUDES
1062,47,16,0.026921293359287227,4,MENSUEL,NSIA-ETUDES
1063,48,16,0.027461939361169974,4,MENSUEL,NSIA-ETUDES
1064,49,16,0.02805124571438368,4,MENSUEL,NSIA-ETUDES
1065,50,16,0.02870024078988796,4,MENSUEL,NSIA-ETUDES
1066,51,16,0.029420792992852236,4,MENSUEL,NSIA-ETUDES
1067,52,16,0.030220341472784424,4,MENSUEL,NSIA-ETUDES
1068,53,16,0.031107650768839472,4,MENSUEL,NSIA-ETUDES
1069,54,16,0.03209354687865311,4,MENSUEL,NSIA-ETUDES
1070,55,16,0.033188177600656,4,MENSUEL,NSIA-ETUDES
1071,56,16,0.034406383059307155,4,MENSUEL,NSIA-ETUDES
1072,57,16,0.03576480125206939,4,MENSUEL,NSIA-ETUDES
1073,58,16,0.037251239587343,4,MENSUEL,NSIA-ETUDES
1074,59,16,0.038867807339782005,4,MENSUEL,NSIA-ETUDES
1075,60,16,0.04059795075486175,4,MENSUEL,NSIA-ETUDES
1076,26,17,0.019366663299339608,4,MENSUEL,NSIA-ETUDES
1077,27,17,0.019472155024714964,4,MENSUEL,NSIA-ETUDES
1078,28,17,0.01959235235331586,4,MENSUEL,NSIA-ETUDES
1079,29,17,0.01973021034804209,4,MENSUEL,NSIA-ETUDES
1080,30,17,0.01988778016877724,4,MENSUEL,NSIA-ETUDES
1081,31,17,0.02006868632596345,4,MENSUEL,NSIA-ETUDES
1082,32,17,0.02027666998457394,4,MENSUEL,NSIA-ETUDES
1083,33,17,0.020510552705972428,4,MENSUEL,NSIA-ETUDES
1084,34,17,0.020769056824649065,4,MENSUEL,NSIA-ETUDES
1085,35,17,0.02104912667694254,4,MENSUEL,NSIA-ETUDES
1086,36,17,0.021353574774699378,4,MENSUEL,NSIA-ETUDES
1087,37,17,0.021681291444179764,4,MENSUEL,NSIA-ETUDES
1088,38,17,0.022033831323105185,4,MENSUEL,NSIA-ETUDES
1089,39,17,0.02241030216540929,4,MENSUEL,NSIA-ETUDES
1090,40,17,0.022808504691526645,4,MENSUEL,NSIA-ETUDES
1091,41,17,0.023226246114001894,4,MENSUEL,NSIA-ETUDES
1092,42,17,0.023658913718453547,4,MENSUEL,NSIA-ETUDES
1093,43,17,0.024109465234989677,4,MENSUEL,NSIA-ETUDES
1094,44,17,0.02457854219418368,4,MENSUEL,NSIA-ETUDES
1095,45,17,0.025069150537988586,4,MENSUEL,NSIA-ETUDES
1096,46,17,0.025584757137554436,4,MENSUEL,NSIA-ETUDES
1097,47,17,0.02613293765134004,4,MENSUEL,NSIA-ETUDES
1098,48,17,0.026724089899585277,4,MENSUEL,NSIA-ETUDES
1099,49,17,0.02736952895438402,4,MENSUEL,NSIA-ETUDES
1100,50,17,0.02808021400094285,4,MENSUEL,NSIA-ETUDES
1101,51,17,0.028867569778573108,4,MENSUEL,NSIA-ETUDES
1102,52,17,0.029738373808118092,4,MENSUEL,NSIA-ETUDES
1103,53,17,0.03070171140723653,4,MENSUEL,NSIA-ETUDES
1104,54,17,0.0317687712175816,4,MENSUEL,NSIA-ETUDES
1105,55,17,0.03295015110002181,4,MENSUEL,NSIA-ETUDES
1106,56,17,0.03426106341176421,4,MENSUEL,NSIA-ETUDES
1107,57,17,0.03571844916340519,4,MENSUEL,NSIA-ETUDES
1108,58,17,0.03731057005623712,4,MENSUEL,NSIA-ETUDES
1109,59,17,0.039040229724720085,4,MENSUEL,NSIA-ETUDES
1110,60,17,0.0408918205477387,4,MENSUEL,NSIA-ETUDES
1111,26,18,0.018275389560858307,4,MENSUEL,NSIA-ETUDES
1112,27,18,0.01839257606197488,4,MENSUEL,NSIA-ETUDES
1113,28,18,0.018525726262246137,4,MENSUEL,NSIA-ETUDES
1114,29,18,0.01867772848811319,4,MENSUEL,NSIA-ETUDES
1115,30,18,0.018850461927602685,4,MENSUEL,NSIA-ETUDES
1116,31,18,0.01904734409516447,4,MENSUEL,NSIA-ETUDES
1117,32,18,0.019271944665278002,4,MENSUEL,NSIA-ETUDES
1118,33,18,0.01952298367314194,4,MENSUEL,NSIA-ETUDES
1119,34,18,0.019799172706496847,4,MENSUEL,NSIA-ETUDES
1120,35,18,0.02009755194440542,4,MENSUEL,NSIA-ETUDES
1121,36,18,0.020420954492350932,4,MENSUEL,NSIA-ETUDES
1122,37,18,0.020768329133958045,4,MENSUEL,NSIA-ETUDES
1123,38,18,0.02114127476939914,4,MENSUEL,NSIA-ETUDES
1124,39,18,0.021538899624052706,4,MENSUEL,NSIA-ETUDES
1125,40,18,0.021959452323829093,4,MENSUEL,NSIA-ETUDES
1126,41,18,0.022401578099295872,4,MENSUEL,NSIA-ETUDES
1127,42,18,0.022861441622630898,4,MENSUEL,NSIA-ETUDES
1128,43,18,0.023342635472301677,4,MENSUEL,NSIA-ETUDES
1129,44,18,0.023846197002115335,4,MENSUEL,NSIA-ETUDES
1130,45,18,0.024375730309135528,4,MENSUEL,NSIA-ETUDES
1131,46,18,0.024934658153219817,4,MENSUEL,NSIA-ETUDES
1132,47,18,0.025530920869276604,4,MENSUEL,NSIA-ETUDES
1133,48,18,0.02617546828871528,4,MENSUEL,NSIA-ETUDES
1134,49,18,0.02687958014094054,4,MENSUEL,NSIA-ETUDES
1135,50,18,0.027653835879613255,4,MENSUEL,NSIA-ETUDES
1136,51,18,0.02850906975471785,4,MENSUEL,NSIA-ETUDES
1137,52,18,0.029452372791291925,4,MENSUEL,NSIA-ETUDES
1138,53,18,0.03049318454290347,4,MENSUEL,NSIA-ETUDES
1139,54,18,0.0316431216343102,4,MENSUEL,NSIA-ETUDES
1140,55,18,0.032913147323552994,4,MENSUEL,NSIA-ETUDES
1141,56,18,0.03431877698283257,4,MENSUEL,NSIA-ETUDES
1142,57,18,0.035877363123568026,4,MENSUEL,NSIA-ETUDES
1143,58,18,0.03757778048894132,4,MENSUEL,NSIA-ETUDES
1144,59,18,0.039423698300528144,4,MENSUEL,NSIA-ETUDES
1145,60,18,0.04140044127475089,4,MENSUEL,NSIA-ETUDES
1146,26,19,0.017325200561785825,4,MENSUEL,NSIA-ETUDES
1147,27,19,0.01745470569121348,4,MENSUEL,NSIA-ETUDES
1148,28,19,0.01760133184865419,4,MENSUEL,NSIA-ETUDES
1149,29,19,0.01776781049200217,4,MENSUEL,NSIA-ETUDES
1150,30,19,0.017955848288237465,4,MENSUEL,NSIA-ETUDES
1151,31,19,0.01816871661475641,4,MENSUEL,NSIA-ETUDES
1152,32,19,0.018409867249644874,4,MENSUEL,NSIA-ETUDES
1153,33,19,0.018678007363376114,4,MENSUEL,NSIA-ETUDES
1154,34,19,0.01897192083562994,4,MENSUEL,NSIA-ETUDES
1155,35,19,0.01928869801476014,4,MENSUEL,NSIA-ETUDES
1156,36,19,0.019631207332682598,4,MENSUEL,NSIA-ETUDES
1157,37,19,0.019998452218126322,4,MENSUEL,NSIA-ETUDES
1158,38,19,0.020392020448138395,4,MENSUEL,NSIA-ETUDES
1159,39,19,0.020811424761459984,4,MENSUEL,NSIA-ETUDES
1160,40,19,0.021255675038692308,4,MENSUEL,NSIA-ETUDES
1161,41,19,0.021724109997761826,4,MENSUEL,NSIA-ETUDES
1162,42,19,0.022213503499472105,4,MENSUEL,NSIA-ETUDES
1163,43,19,0.02272780808858325,4,MENSUEL,NSIA-ETUDES
1164,44,19,0.023268621032484414,4,MENSUEL,NSIA-ETUDES
1165,45,19,0.023839514741024196,4,MENSUEL,NSIA-ETUDES
1166,46,19,0.02444427837944672,4,MENSUEL,NSIA-ETUDES
1167,47,19,0.025091384991294225,4,MENSUEL,NSIA-ETUDES
1168,48,19,0.025791777939636305,4,MENSUEL,NSIA-ETUDES
1169,49,19,0.02655640661212541,4,MENSUEL,NSIA-ETUDES
1170,50,19,0.027395335436641688,4,MENSUEL,NSIA-ETUDES
1171,51,19,0.028319692987670432,4,MENSUEL,NSIA-ETUDES
1172,52,19,0.0293369105073279,4,MENSUEL,NSIA-ETUDES
1173,53,19,0.03045683609109327,4,MENSUEL,NSIA-ETUDES
1174,54,19,0.03169143434391572,4,MENSUEL,NSIA-ETUDES
1175,55,19,0.033051962193614434,4,MENSUEL,NSIA-ETUDES
1176,56,19,0.03455432933397014,4,MENSUEL,NSIA-ETUDES
1177,57,19,0.03621647458075068,4,MENSUEL,NSIA-ETUDES
1178,58,19,0.038028029701121305,4,MENSUEL,NSIA-ETUDES
1179,59,19,0.0399935408713096,4,MENSUEL,NSIA-ETUDES
1180,60,19,0.04209925130854482,4,MENSUEL,NSIA-ETUDES
1181,26,20,0.016496164397554504,4,MENSUEL,NSIA-ETUDES
1182,27,20,0.01663850780432241,4,MENSUEL,NSIA-ETUDES
1183,28,20,0.016798953081140048,4,MENSUEL,NSIA-ETUDES
1184,29,20,0.016980073308830394,4,MENSUEL,NSIA-ETUDES
1185,30,20,0.01718345536879336,4,MENSUEL,NSIA-ETUDES
1186,31,20,0.017412271378349137,4,MENSUEL,NSIA-ETUDES
1187,32,20,0.01766994023953699,4,MENSUEL,NSIA-ETUDES
1188,33,20,0.017955232588670156,4,MENSUEL,NSIA-ETUDES
1189,34,20,0.018266965134389773,4,MENSUEL,NSIA-ETUDES
1190,35,20,0.018602287916092454,4,MENSUEL,NSIA-ETUDES
1191,36,20,0.018964103706850772,4,MENSUEL,NSIA-ETUDES
1192,37,20,0.01935141794657282,4,MENSUEL,NSIA-ETUDES
1193,38,20,0.01976618441872385,4,MENSUEL,NSIA-ETUDES
1194,39,20,0.020208608623519305,4,MENSUEL,NSIA-ETUDES
1195,40,20,0.020678337262854483,4,MENSUEL,NSIA-ETUDES
1196,41,20,0.02117525050612574,4,MENSUEL,NSIA-ETUDES
1197,42,20,0.021696482384048307,4,MENSUEL,NSIA-ETUDES
1198,43,20,0.02224649438533201,4,MENSUEL,NSIA-ETUDES
1199,44,20,0.022826867072706238,4,MENSUEL,NSIA-ETUDES
1200,45,20,0.023441520273020218,4,MENSUEL,NSIA-ETUDES
1201,46,20,0.02409475434707996,4,MENSUEL,NSIA-ETUDES
1202,47,20,0.02479506141333146,4,MENSUEL,NSIA-ETUDES
1203,48,20,0.02555309775600598,4,MENSUEL,NSIA-ETUDES
1204,49,20,0.02637935867547919,4,MENSUEL,NSIA-ETUDES
1205,50,20,0.027284195275776423,4,MENSUEL,NSIA-ETUDES
1206,51,20,0.028279056609704735,4,MENSUEL,NSIA-ETUDES
1207,52,20,0.029371759661409976,4,MENSUEL,NSIA-ETUDES
1208,53,20,0.0305724829440714,4,MENSUEL,NSIA-ETUDES
1209,54,20,0.03189347121955108,4,MENSUEL,NSIA-ETUDES
1210,55,20,0.033346350505997005,4,MENSUEL,NSIA-ETUDES
1211,56,20,0.03494757805420437,4,MENSUEL,NSIA-ETUDES
1212,57,20,0.03671583675536295,4,MENSUEL,NSIA-ETUDES
1213,58,20,0.0386415141677193,4,MENSUEL,NSIA-ETUDES
1214,59,20,0.04073004262296266,4,MENSUEL,NSIA-ETUDES
1215,60,20,0.04296890633328248,4,MENSUEL,NSIA-ETUDES
1216,20,5,0.0892031329992719,5,MENSUEL,NSIA-ETUDES
1217,21,5,0.08922185146582366,5,MENSUEL,NSIA-ETUDES
1218,22,5,0.08923629138348936,5,MENSUEL,NSIA-ETUDES
1219,23,5,0.08925134335722233,5,MENSUEL,NSIA-ETUDES
1220,24,5,0.08926908646244272,5,MENSUEL,NSIA-ETUDES
1221,25,5,0.08928910233765444,5,MENSUEL,NSIA-ETUDES
1222,26,5,0.08931197829143216,5,MENSUEL,NSIA-ETUDES
1223,27,5,0.08933523100054531,5,MENSUEL,NSIA-ETUDES
1224,28,5,0.08935851115513697,5,MENSUEL,NSIA-ETUDES
1225,29,5,0.08938344298329222,5,MENSUEL,NSIA-ETUDES
1226,30,5,0.08941134777769025,5,MENSUEL,NSIA-ETUDES
1227,31,5,0.08944684730061071,5,MENSUEL,NSIA-ETUDES
1228,32,5,0.08949520760577721,5,MENSUEL,NSIA-ETUDES
1229,33,5,0.08955527277076143,5,MENSUEL,NSIA-ETUDES
1230,34,5,0.0896254283907907,5,MENSUEL,NSIA-ETUDES
1231,35,5,0.08970153896786193,5,MENSUEL,NSIA-ETUDES
1232,36,5,0.0897882409638254,5,MENSUEL,NSIA-ETUDES
1233,37,5,0.08988571911447257,5,MENSUEL,NSIA-ETUDES
1234,38,5,0.08999886303208783,5,MENSUEL,NSIA-ETUDES
1235,39,5,0.09012905857352692,5,MENSUEL,NSIA-ETUDES
1236,40,5,0.0902759686542505,5,MENSUEL,NSIA-ETUDES
1237,41,5,0.09043826582064388,5,MENSUEL,NSIA-ETUDES
1238,42,5,0.09060910055214597,5,MENSUEL,NSIA-ETUDES
1239,43,5,0.09078954050861533,5,MENSUEL,NSIA-ETUDES
1240,44,5,0.09097496221703202,5,MENSUEL,NSIA-ETUDES
1241,45,5,0.09116186167777894,5,MENSUEL,NSIA-ETUDES
1242,46,5,0.09134517625945195,5,MENSUEL,NSIA-ETUDES
1243,47,5,0.0915248292168423,5,MENSUEL,NSIA-ETUDES
1244,48,5,0.09170459458344818,5,MENSUEL,NSIA-ETUDES
1245,49,5,0.09188889542246345,5,MENSUEL,NSIA-ETUDES
1246,50,5,0.09208161737010206,5,MENSUEL,NSIA-ETUDES
1247,51,5,0.09228769203212432,5,MENSUEL,NSIA-ETUDES
1248,52,5,0.092505442636237,5,MENSUEL,NSIA-ETUDES
1249,53,5,0.09273641249118907,5,MENSUEL,NSIA-ETUDES
1250,54,5,0.09298940043040835,5,MENSUEL,NSIA-ETUDES
1251,55,5,0.09327528658567114,5,MENSUEL,NSIA-ETUDES
1252,56,5,0.0936152237848823,5,MENSUEL,NSIA-ETUDES
1253,57,5,0.09403359038078277,5,MENSUEL,NSIA-ETUDES
1254,58,5,0.09451896789918669,5,MENSUEL,NSIA-ETUDES
1255,59,5,0.0950744078177159,5,MENSUEL,NSIA-ETUDES
1256,60,5,0.09567587834503062,5,MENSUEL,NSIA-ETUDES
1257,20,6,0.07327826772539331,5,MENSUEL,NSIA-ETUDES
1258,21,6,0.0732988947879777,5,MENSUEL,NSIA-ETUDES
1259,22,6,0.07331592270616588,5,MENSUEL,NSIA-ETUDES
1260,23,6,0.0733339559215951,5,MENSUEL,NSIA-ETUDES
1261,24,6,0.0733548277585316,5,MENSUEL,NSIA-ETUDES
1262,25,6,0.07337808671451723,5,MENSUEL,NSIA-ETUDES
1263,26,6,0.07340400513169595,5,MENSUEL,NSIA-ETUDES
1264,27,6,0.0734303647426976,5,MENSUEL,NSIA-ETUDES
1265,28,6,0.07345769643740295,5,MENSUEL,NSIA-ETUDES
1266,29,6,0.07348829421276445,5,MENSUEL,NSIA-ETUDES
1267,30,6,0.07352385437699278,5,MENSUEL,NSIA-ETUDES
1268,31,6,0.07356838483777768,5,MENSUEL,NSIA-ETUDES
1269,32,6,0.07362683745774927,5,MENSUEL,NSIA-ETUDES
1270,33,6,0.07369784917456058,5,MENSUEL,NSIA-ETUDES
1271,34,6,0.07378016756501918,5,MENSUEL,NSIA-ETUDES
1272,35,6,0.07387040695872658,5,MENSUEL,NSIA-ETUDES
1273,36,6,0.0739735369320062,5,MENSUEL,NSIA-ETUDES
1274,37,6,0.07409017674362296,5,MENSUEL,NSIA-ETUDES
1275,38,6,0.07422438618683788,5,MENSUEL,NSIA-ETUDES
1276,39,6,0.0743772809708549,5,MENSUEL,NSIA-ETUDES
1277,40,6,0.07454813866041572,5,MENSUEL,NSIA-ETUDES
1278,41,6,0.07473524446488747,5,MENSUEL,NSIA-ETUDES
1279,42,6,0.07493127659228005,5,MENSUEL,NSIA-ETUDES
1280,43,6,0.0751363981817259,5,MENSUEL,NSIA-ETUDES
1281,44,6,0.07534581053789538,5,MENSUEL,NSIA-ETUDES
1282,45,6,0.07555618204799366,5,MENSUEL,NSIA-ETUDES
1283,46,6,0.07576318105159319,5,MENSUEL,NSIA-ETUDES
1284,47,6,0.07596779846015561,5,MENSUEL,NSIA-ETUDES
1285,48,6,0.07617418877124779,5,MENSUEL,NSIA-ETUDES
1286,49,6,0.07638691118684719,5,MENSUEL,NSIA-ETUDES
1287,50,6,0.07660996178711854,5,MENSUEL,NSIA-ETUDES
1288,51,6,0.07684774554582571,5,MENSUEL,NSIA-ETUDES
1289,52,6,0.07710017091128364,5,MENSUEL,NSIA-ETUDES
1290,53,6,0.0773731550709498,5,MENSUEL,NSIA-ETUDES
1291,54,6,0.07767753351789876,5,MENSUEL,NSIA-ETUDES
1292,55,6,0.07802608868378819,5,MENSUEL,NSIA-ETUDES
1293,56,6,0.07843779519204126,5,MENSUEL,NSIA-ETUDES
1294,57,6,0.0789368183850783,5,MENSUEL,NSIA-ETUDES
1295,58,6,0.07950928526768312,5,MENSUEL,NSIA-ETUDES
1296,59,6,0.08015740250949878,5,MENSUEL,NSIA-ETUDES
1297,60,6,0.08086102897737955,5,MENSUEL,NSIA-ETUDES
1298,20,7,0.06194437501463009,5,MENSUEL,NSIA-ETUDES
1299,21,7,0.06196721213367203,5,MENSUEL,NSIA-ETUDES
1300,22,7,0.06198692571995475,5,MENSUEL,NSIA-ETUDES
1301,23,7,0.062007892968117324,5,MENSUEL,NSIA-ETUDES
1302,24,7,0.06203182442193269,5,MENSUEL,NSIA-ETUDES
1303,25,7,0.06205807293125029,5,MENSUEL,NSIA-ETUDES
1304,26,7,0.062086973924291494,5,MENSUEL,NSIA-ETUDES
1305,27,7,0.06211705965849028,5,MENSUEL,NSIA-ETUDES
1306,28,7,0.06214947442659136,5,MENSUEL,NSIA-ETUDES
1307,29,7,0.06218678669219947,5,MENSUEL,NSIA-ETUDES
1308,30,7,0.062230446261053854,5,MENSUEL,NSIA-ETUDES
1309,31,7,0.06228438451235445,5,MENSUEL,NSIA-ETUDES
1310,32,7,0.06235315141451668,5,MENSUEL,NSIA-ETUDES
1311,33,7,0.062435622825567326,5,MENSUEL,NSIA-ETUDES
1312,34,7,0.06253092952027654,5,MENSUEL,NSIA-ETUDES
1313,35,7,0.06263636167901668,5,MENSUEL,NSIA-ETUDES
1314,36,7,0.06275704336891319,5,MENSUEL,NSIA-ETUDES
1315,37,7,0.06289322771087333,5,MENSUEL,NSIA-ETUDES
1316,38,7,0.06304869766296527,5,MENSUEL,NSIA-ETUDES
1317,39,7,0.0632242086516477,5,MENSUEL,NSIA-ETUDES
1318,40,7,0.06341866787097163,5,MENSUEL,NSIA-ETUDES
1319,41,7,0.06362963186404823,5,MENSUEL,NSIA-ETUDES
1320,42,7,0.06384938966981271,5,MENSUEL,NSIA-ETUDES
1321,43,7,0.06407768838641827,5,MENSUEL,NSIA-ETUDES
1322,44,7,0.06430982135952562,5,MENSUEL,NSIA-ETUDES
1323,45,7,0.06454285892063279,5,MENSUEL,NSIA-ETUDES
1324,46,7,0.0647734483304849,5,MENSUEL,NSIA-ETUDES
1325,47,7,0.06500306866564692,5,MENSUEL,NSIA-ETUDES
1326,48,7,0.06523611097369302,5,MENSUEL,NSIA-ETUDES
1327,49,7,0.0654772904400811,5,MENSUEL,NSIA-ETUDES
1328,50,7,0.06573034919339811,5,MENSUEL,NSIA-ETUDES
1329,51,7,0.0660007818243763,5,MENSUEL,NSIA-ETUDES
1330,52,7,0.06629198844712264,5,MENSUEL,NSIA-ETUDES
1331,53,7,0.06661186442920902,5,MENSUEL,NSIA-ETUDES
1332,54,7,0.06697293463625384,5,MENSUEL,NSIA-ETUDES
1333,55,7,0.06738717742060589,5,MENSUEL,NSIA-ETUDES
1334,56,7,0.0678741180054764,5,MENSUEL,NSIA-ETUDES
1335,57,7,0.06845458189037683,5,MENSUEL,NSIA-ETUDES
1336,58,7,0.06911475089482265,5,MENSUEL,NSIA-ETUDES
1337,59,7,0.06985839528496313,5,MENSUEL,NSIA-ETUDES
1338,60,7,0.07066496837793666,5,MENSUEL,NSIA-ETUDES
1339,20,8,0.053480118693985904,5,MENSUEL,NSIA-ETUDES
1340,21,8,0.05350531916535689,5,MENSUEL,NSIA-ETUDES
1341,22,8,0.05352774314814927,5,MENSUEL,NSIA-ETUDES
1342,23,8,0.05355162388576766,5,MENSUEL,NSIA-ETUDES
1343,24,8,0.05357843922339121,5,MENSUEL,NSIA-ETUDES
1344,25,8,0.05360763740596375,5,MENSUEL,NSIA-ETUDES
1345,26,8,0.05364004664451677,5,MENSUEL,NSIA-ETUDES
1346,27,8,0.053674772758705296,5,MENSUEL,NSIA-ETUDES
1347,28,8,0.05371324913585409,5,MENSUEL,NSIA-ETUDES
1348,29,8,0.05375785950949982,5,MENSUEL,NSIA-ETUDES
1349,30,8,0.05381013878215209,5,MENSUEL,NSIA-ETUDES
1350,31,8,0.05387382232749344,5,MENSUEL,NSIA-ETUDES
1351,32,8,0.05395345635566928,5,MENSUEL,NSIA-ETUDES
1352,33,8,0.054048201963213235,5,MENSUEL,NSIA-ETUDES
1353,34,8,0.05415760854069113,5,MENSUEL,NSIA-ETUDES
1354,35,8,0.054279398639358524,5,MENSUEL,NSIA-ETUDES
1355,36,8,0.05441828520429024,5,MENSUEL,NSIA-ETUDES
1356,37,8,0.05457448157002519,5,MENSUEL,NSIA-ETUDES
1357,38,8,0.054751422451356405,5,MENSUEL,NSIA-ETUDES
1358,39,8,0.05494949762429767,5,MENSUEL,NSIA-ETUDES
1359,40,8,0.05516696743315648,5,MENSUEL,NSIA-ETUDES
1360,41,8,0.05540079363686299,5,MENSUEL,NSIA-ETUDES
1361,42,8,0.05564315861938778,5,MENSUEL,NSIA-ETUDES
1362,43,8,0.05589366412704018,5,MENSUEL,NSIA-ETUDES
1363,44,8,0.0561479166321497,5,MENSUEL,NSIA-ETUDES
1364,45,8,0.05640365864511782,5,MENSUEL,NSIA-ETUDES
1365,46,8,0.05665807424549609,5,MENSUEL,NSIA-ETUDES
1366,47,8,0.056912994343423916,5,MENSUEL,NSIA-ETUDES
1367,48,8,0.057173024345060296,5,MENSUEL,NSIA-ETUDES
1368,49,8,0.05744273163836156,5,MENSUEL,NSIA-ETUDES
1369,50,8,0.05772690799435949,5,MENSUEL,NSIA-ETUDES
1370,51,8,0.05803371074145599,5,MENSUEL,NSIA-ETUDES
1371,52,8,0.05836837059704082,5,MENSUEL,NSIA-ETUDES
1372,53,8,0.05874038823852149,5,MENSUEL,NSIA-ETUDES
1373,54,8,0.05916195041705386,5,MENSUEL,NSIA-ETUDES
1374,55,8,0.05964597899769597,5,MENSUEL,NSIA-ETUDES
1375,56,8,0.06020986564795873,5,MENSUEL,NSIA-ETUDES
1376,57,8,0.06087340208384655,5,MENSUEL,NSIA-ETUDES
1377,58,8,0.06162444001348842,5,MENSUEL,NSIA-ETUDES
1378,59,8,0.06246548708228732,5,MENSUEL,NSIA-ETUDES
1379,60,8,0.06337510037205404,5,MENSUEL,NSIA-ETUDES
1380,20,9,0.04692915146892614,5,MENSUEL,NSIA-ETUDES
1381,21,9,0.04695679476275087,5,MENSUEL,NSIA-ETUDES
1382,22,9,0.04698195016538101,5,MENSUEL,NSIA-ETUDES
1383,23,9,0.047008618999252155,5,MENSUEL,NSIA-ETUDES
1384,24,9,0.04703830401017145,5,MENSUEL,NSIA-ETUDES
1385,25,9,0.04707089287604303,5,MENSUEL,NSIA-ETUDES
1386,26,9,0.0471076169260492,5,MENSUEL,NSIA-ETUDES
1387,27,9,0.04714788269391177,5,MENSUEL,NSIA-ETUDES
1388,28,9,0.04719304258552718,5,MENSUEL,NSIA-ETUDES
1389,29,9,0.04724554609597224,5,MENSUEL,NSIA-ETUDES
1390,30,9,0.047306886974248175,5,MENSUEL,NSIA-ETUDES
1391,31,9,0.047380887981621246,5,MENSUEL,NSIA-ETUDES
1392,32,9,0.04747217719375643,5,MENSUEL,NSIA-ETUDES
1393,33,9,0.04758025701678959,5,MENSUEL,NSIA-ETUDES
1394,34,9,0.04770493176899805,5,MENSUEL,NSIA-ETUDES
1395,35,9,0.047843843886666744,5,MENSUEL,NSIA-ETUDES
1396,36,9,0.04800156526951414,5,MENSUEL,NSIA-ETUDES
1397,37,9,0.048178162660188754,5,MENSUEL,NSIA-ETUDES
1398,38,9,0.048376706189340604,5,MENSUEL,NSIA-ETUDES
1399,39,9,0.04859699110356957,5,MENSUEL,NSIA-ETUDES
1400,40,9,0.048836729274957184,5,MENSUEL,NSIA-ETUDES
1401,41,9,0.049092570241998944,5,MENSUEL,NSIA-ETUDES
1402,42,9,0.04935675151748394,5,MENSUEL,NSIA-ETUDES
1403,43,9,0.049628972753944574,5,MENSUEL,NSIA-ETUDES
1404,44,9,0.049905391320389694,5,MENSUEL,NSIA-ETUDES
1405,45,9,0.050184122131681295,5,MENSUEL,NSIA-ETUDES
1406,46,9,0.05046276793778185,5,MENSUEL,NSIA-ETUDES
1407,47,9,0.05074345946709348,5,MENSUEL,NSIA-ETUDES
1408,48,9,0.05103075284963309,5,MENSUEL,NSIA-ETUDES
1409,49,9,0.05133017126231213,5,MENSUEL,NSIA-ETUDES
1410,50,9,0.05164881041371882,5,MENSUEL,NSIA-ETUDES
1411,51,9,0.051996328775464326,5,MENSUEL,NSIA-ETUDES
1412,52,9,0.052379435099565386,5,MENSUEL,NSIA-ETUDES
1413,53,9,0.05280764440437354,5,MENSUEL,NSIA-ETUDES
1414,54,9,0.05329406907159485,5,MENSUEL,NSIA-ETUDES
1415,55,9,0.053850279824420005,5,MENSUEL,NSIA-ETUDES
1416,56,9,0.05449322590985293,5,MENSUEL,NSIA-ETUDES
1417,57,9,0.05524316868746449,5,MENSUEL,NSIA-ETUDES
1418,58,9,0.05608730483057177,5,MENSUEL,NSIA-ETUDES
1419,59,9,0.05702661771818698,5,MENSUEL,NSIA-ETUDES
1420,60,9,0.05803783841157238,5,MENSUEL,NSIA-ETUDES
1421,20,10,0.04171763367532603,5,MENSUEL,NSIA-ETUDES
1422,21,10,0.041747779164541,5,MENSUEL,NSIA-ETUDES
1423,22,10,0.04177558551565075,5,MENSUEL,NSIA-ETUDES
1424,23,10,0.041805045540930515,5,MENSUEL,NSIA-ETUDES
1425,24,10,0.0418379868710723,5,MENSUEL,NSIA-ETUDES
1426,25,10,0.04187467305510322,5,MENSUEL,NSIA-ETUDES
1427,26,10,0.04191652970343061,5,MENSUEL,NSIA-ETUDES
1428,27,10,0.04196295904384464,5,MENSUEL,NSIA-ETUDES
1429,28,10,0.04201541714296166,5,MENSUEL,NSIA-ETUDES
1430,29,10,0.04207632062994135,5,MENSUEL,NSIA-ETUDES
1431,30,10,0.04214733122184212,5,MENSUEL,NSIA-ETUDES
1432,31,10,0.042232411590032895,5,MENSUEL,NSIA-ETUDES
1433,32,10,0.0423363602243046,5,MENSUEL,NSIA-ETUDES
1434,33,10,0.04245888492647936,5,MENSUEL,NSIA-ETUDES
1435,34,10,0.04259965513591241,5,MENSUEL,NSIA-ETUDES
1436,35,10,0.042756393640184576,5,MENSUEL,NSIA-ETUDES
1437,36,10,0.04293346093873411,5,MENSUEL,NSIA-ETUDES
1438,37,10,0.04313071888871119,5,MENSUEL,NSIA-ETUDES
1439,38,10,0.043350679316149304,5,MENSUEL,NSIA-ETUDES
1440,39,10,0.043592619572839594,5,MENSUEL,NSIA-ETUDES
1441,40,10,0.04385393662892706,5,MENSUEL,NSIA-ETUDES
1442,41,10,0.04413114648331086,5,MENSUEL,NSIA-ETUDES
1443,42,10,0.044416717136115766,5,MENSUEL,NSIA-ETUDES
1444,43,10,0.04471068445926417,5,MENSUEL,NSIA-ETUDES
1445,44,10,0.04500952704119757,5,MENSUEL,NSIA-ETUDES
1446,45,10,0.0453116678529177,5,MENSUEL,NSIA-ETUDES
1447,46,10,0.045615065475668716,5,MENSUEL,NSIA-ETUDES
1448,47,10,0.04592191130282897,5,MENSUEL,NSIA-ETUDES
1449,48,10,0.04623766031294835,5,MENSUEL,NSIA-ETUDES
1450,49,10,0.04656982879685328,5,MENSUEL,NSIA-ETUDES
1451,50,10,0.0469269271271012,5,MENSUEL,NSIA-ETUDES
1452,51,10,0.047319825559202645,5,MENSUEL,NSIA-ETUDES
1453,52,10,0.0477554398623941,5,MENSUEL,NSIA-ETUDES
1454,53,10,0.04824423862246762,5,MENSUEL,NSIA-ETUDES
1455,54,10,0.04879833288533251,5,MENSUEL,NSIA-ETUDES
1456,55,10,0.04942924951251685,5,MENSUEL,NSIA-ETUDES
1457,56,10,0.050154582397538124,5,MENSUEL,NSIA-ETUDES
1458,57,10,0.05099337960724424,5,MENSUEL,NSIA-ETUDES
1459,58,10,0.051931791600544314,5,MENSUEL,NSIA-ETUDES
1460,59,10,0.05296871729602099,5,MENSUEL,NSIA-ETUDES
1461,60,10,0.05408205225437207,5,MENSUEL,NSIA-ETUDES
1462,20,11,0.03748038681670172,5,MENSUEL,NSIA-ETUDES
1463,21,11,0.03751299633205802,5,MENSUEL,NSIA-ETUDES
1464,22,11,0.03754347669769745,5,MENSUEL,NSIA-ETUDES
1465,23,11,0.03757607216790181,5,MENSUEL,NSIA-ETUDES
1466,24,11,0.03761290151182212,5,MENSUEL,NSIA-ETUDES
1467,25,11,0.037654421338596214,5,MENSUEL,NSIA-ETUDES
1468,26,11,0.03770201480876484,5,MENSUEL,NSIA-ETUDES
1469,27,11,0.03775522027084164,5,MENSUEL,NSIA-ETUDES
1470,28,11,0.037815509476901994,5,MENSUEL,NSIA-ETUDES
1471,29,11,0.037885443831939696,5,MENSUEL,NSIA-ETUDES
1472,30,11,0.03796688271004742,5,MENSUEL,NSIA-ETUDES
1473,31,11,0.038063996122929315,5,MENSUEL,NSIA-ETUDES
1474,32,11,0.03818165563092457,5,MENSUEL,NSIA-ETUDES
1475,33,11,0.03831945471947177,5,MENSUEL,NSIA-ETUDES
1476,34,11,0.03847707255742575,5,MENSUEL,NSIA-ETUDES
1477,35,11,0.03865221391263675,5,MENSUEL,NSIA-ETUDES
1478,36,11,0.03884898466867726,5,MENSUEL,NSIA-ETUDES
1479,37,11,0.03906684728507074,5,MENSUEL,NSIA-ETUDES
1480,38,11,0.03930781723757185,5,MENSUEL,NSIA-ETUDES
1481,39,11,0.03957085218431485,5,MENSUEL,NSIA-ETUDES
1482,40,11,0.039853189532090764,5,MENSUEL,NSIA-ETUDES
1483,41,11,0.04015140313453539,5,MENSUEL,NSIA-ETUDES
1484,42,11,0.04045836922536833,5,MENSUEL,NSIA-ETUDES
1485,43,11,0.04077430069172046,5,MENSUEL,NSIA-ETUDES
1486,44,11,0.04109595354469365,5,MENSUEL,NSIA-ETUDES
1487,45,11,0.04142202066175474,5,MENSUEL,NSIA-ETUDES
1488,46,11,0.04175060129186727,5,MENSUEL,NSIA-ETUDES
1489,47,11,0.04208476828883555,5,MENSUEL,NSIA-ETUDES
1490,48,11,0.042431745774317624,5,MENSUEL,NSIA-ETUDES
1491,49,11,0.042800350150619663,5,MENSUEL,NSIA-ETUDES
1492,50,11,0.0432002292584061,5,MENSUEL,NSIA-ETUDES
1493,51,11,0.043642457182743656,5,MENSUEL,NSIA-ETUDES
1494,52,11,0.044134884715514106,5,MENSUEL,NSIA-ETUDES
1495,53,11,0.04468727749876266,5,MENSUEL,NSIA-ETUDES
1496,54,11,0.04531183182989688,5,MENSUEL,NSIA-ETUDES
1497,55,11,0.04602084135390516,5,MENSUEL,NSIA-ETUDES
1498,56,11,0.046831077464507896,5,MENSUEL,NSIA-ETUDES
1499,57,11,0.047760131334920984,5,MENSUEL,NSIA-ETUDES
1500,58,11,0.04879258957156021,5,MENSUEL,NSIA-ETUDES
1501,59,11,0.04992789271872355,5,MENSUEL,NSIA-ETUDES
1502,60,11,0.05114499739596506,5,MENSUEL,NSIA-ETUDES
1503,20,12,0.033973877444088196,5,MENSUEL,NSIA-ETUDES
1504,21,12,0.03400899689487654,5,MENSUEL,NSIA-ETUDES
1505,22,12,0.034042467716405206,5,MENSUEL,NSIA-ETUDES
1506,23,12,0.034078768187140444,5,MENSUEL,NSIA-ETUDES
1507,24,12,0.03412015604146925,5,MENSUEL,NSIA-ETUDES
1508,25,12,0.03416708004338624,5,MENSUEL,NSIA-ETUDES
1509,26,12,0.03422100554345261,5,MENSUEL,NSIA-ETUDES
1510,27,12,0.034281527978898066,5,MENSUEL,NSIA-ETUDES
1511,28,12,0.034350281300007925,5,MENSUEL,NSIA-ETUDES
1512,29,12,0.03443000024794109,5,MENSUEL,NSIA-ETUDES
1513,30,12,0.03452279260442354,5,MENSUEL,NSIA-ETUDES
1514,31,12,0.03463293639589842,5,MENSUEL,NSIA-ETUDES
1515,32,12,0.03476512362160464,5,MENSUEL,NSIA-ETUDES
1516,33,12,0.03491895371004571,5,MENSUEL,NSIA-ETUDES
1517,34,12,0.03509404274551961,5,MENSUEL,NSIA-ETUDES
1518,35,12,0.03528800470630016,5,MENSUEL,NSIA-ETUDES
1519,36,12,0.035504529939452675,5,MENSUEL,NSIA-ETUDES
1520,37,12,0.03574271130663926,5,MENSUEL,NSIA-ETUDES
1521,38,12,0.036004239276194006,5,MENSUEL,NSIA-ETUDES
1522,39,12,0.03628788901622327,5,MENSUEL,NSIA-ETUDES
1523,40,12,0.03659091438482943,5,MENSUEL,NSIA-ETUDES
1524,41,12,0.03691012898378943,5,MENSUEL,NSIA-ETUDES
1525,42,12,0.03723866551988502,5,MENSUEL,NSIA-ETUDES
1526,43,12,0.03757690181759519,5,MENSUEL,NSIA-ETUDES
1527,44,12,0.03792183974329028,5,MENSUEL,NSIA-ETUDES
1528,45,12,0.03827226998111243,5,MENSUEL,NSIA-ETUDES
1529,46,12,0.03862715363497715,5,MENSUEL,NSIA-ETUDES
1530,47,12,0.03899118108430975,5,MENSUEL,NSIA-ETUDES
1531,48,12,0.039372789692564476,5,MENSUEL,NSIA-ETUDES
1532,49,12,0.03978183949754897,5,MENSUEL,NSIA-ETUDES
1533,50,12,0.0402282751981955,5,MENSUEL,NSIA-ETUDES
1534,51,12,0.040723977126917305,5,MENSUEL,NSIA-ETUDES
1535,52,12,0.04127629415598517,5,MENSUEL,NSIA-ETUDES
1536,53,12,0.04189520388763976,5,MENSUEL,NSIA-ETUDES
1537,54,12,0.04259363561648456,5,MENSUEL,NSIA-ETUDES
1538,55,12,0.043383357037313774,5,MENSUEL,NSIA-ETUDES
1539,56,12,0.044280008552334944,5,MENSUEL,NSIA-ETUDES
1540,57,12,0.045299414483035816,5,MENSUEL,NSIA-ETUDES
1541,58,12,0.046426775690725626,5,MENSUEL,NSIA-ETUDES
1542,59,12,0.047662112998874,5,MENSUEL,NSIA-ETUDES
1543,60,12,0.04898545536429508,5,MENSUEL,NSIA-ETUDES
1544,20,13,0.03102956738270991,5,MENSUEL,NSIA-ETUDES
1545,21,13,0.031067497028679177,5,MENSUEL,NSIA-ETUDES
1546,22,13,0.031104480575437517,5,MENSUEL,NSIA-ETUDES
1547,23,13,0.031145099310619713,5,MENSUEL,NSIA-ETUDES
1548,24,13,0.03119158487382878,5,MENSUEL,NSIA-ETUDES
1549,25,13,0.031244479766264644,5,MENSUEL,NSIA-ETUDES
1550,26,13,0.03130527215802209,5,MENSUEL,NSIA-ETUDES
1551,27,13,0.03137373729503833,5,MENSUEL,NSIA-ETUDES
1552,28,13,0.0314516929654213,5,MENSUEL,NSIA-ETUDES
1553,29,13,0.031542096715069204,5,MENSUEL,NSIA-ETUDES
1554,30,13,0.03164720441281043,5,MENSUEL,NSIA-ETUDES
1555,31,13,0.031771177107472307,5,MENSUEL,NSIA-ETUDES
1556,32,13,0.03191864110405865,5,MENSUEL,NSIA-ETUDES
1557,33,13,0.03208913904009528,5,MENSUEL,NSIA-ETUDES
1558,34,13,0.03228216466844466,5,MENSUEL,NSIA-ETUDES
1559,35,13,0.03249507420605287,5,MENSUEL,NSIA-ETUDES
1560,36,13,0.03273117326694102,5,MENSUEL,NSIA-ETUDES
1561,37,13,0.032989318061125476,5,MENSUEL,NSIA-ETUDES
1562,38,13,0.033270996637638044,5,MENSUEL,NSIA-ETUDES
1563,39,13,0.033574964251658526,5,MENSUEL,NSIA-ETUDES
1564,40,13,0.03389865613207777,5,MENSUEL,NSIA-ETUDES
1565,41,13,0.03423901849894585,5,MENSUEL,NSIA-ETUDES
1566,42,13,0.03458941786812456,5,MENSUEL,NSIA-ETUDES
1567,43,13,0.03495038461153439,5,MENSUEL,NSIA-ETUDES
1568,44,13,0.0353190189631705,5,MENSUEL,NSIA-ETUDES
1569,45,13,0.03569486736859868,5,MENSUEL,NSIA-ETUDES
1570,46,13,0.0360783839772671,5,MENSUEL,NSIA-ETUDES
1571,47,13,0.03647541749883057,5,MENSUEL,NSIA-ETUDES
1572,48,13,0.03689537867038167,5,MENSUEL,NSIA-ETUDES
1573,49,13,0.03734846450565467,5,MENSUEL,NSIA-ETUDES
1574,50,13,0.0378454050073835,5,MENSUEL,NSIA-ETUDES
1575,51,13,0.038397645329443085,5,MENSUEL,NSIA-ETUDES
1576,52,13,0.03901282084724476,5,MENSUEL,NSIA-ETUDES
1577,53,13,0.03970164104892908,5,MENSUEL,NSIA-ETUDES
1578,54,13,0.04047664194807402,5,MENSUEL,NSIA-ETUDES
1579,55,13,0.04134872131718367,5,MENSUEL,NSIA-ETUDES
1580,56,13,0.04233209476049494,5,MENSUEL,NSIA-ETUDES
1581,57,13,0.04344278881637991,5,MENSUEL,NSIA-ETUDES
1582,58,13,0.044666628431765554,5,MENSUEL,NSIA-ETUDES
1583,59,13,0.04600431899318078,5,MENSUEL,NSIA-ETUDES
1584,60,13,0.047436710317311816,5,MENSUEL,NSIA-ETUDES
1585,20,14,0.0285273022556059,5,MENSUEL,NSIA-ETUDES
1586,21,14,0.028568529687902328,5,MENSUEL,NSIA-ETUDES
1587,22,14,0.028609593295789156,5,MENSUEL,NSIA-ETUDES
1588,23,14,0.028655038405260812,5,MENSUEL,NSIA-ETUDES
1589,24,14,0.028707161050106678,5,MENSUEL,NSIA-ETUDES
1590,25,14,0.028766544626324338,5,MENSUEL,NSIA-ETUDES
1591,26,14,0.028834814031410954,5,MENSUEL,NSIA-ETUDES
1592,27,14,0.02891194041788751,5,MENSUEL,NSIA-ETUDES
1593,28,14,0.028999968659453826,5,MENSUEL,NSIA-ETUDES
1594,29,14,0.029101988330985387,5,MENSUEL,NSIA-ETUDES
1595,30,14,0.029220199859749312,5,MENSUEL,NSIA-ETUDES
1596,31,14,0.029358737625100804,5,MENSUEL,NSIA-ETUDES
1597,32,14,0.02952211735575737,5,MENSUEL,NSIA-ETUDES
1598,33,14,0.029709769525229728,5,MENSUEL,NSIA-ETUDES
1599,34,14,0.02992092231134787,5,MENSUEL,NSIA-ETUDES
1600,35,14,0.030152679827576072,5,MENSUEL,NSIA-ETUDES
1601,36,14,0.03040808524832001,5,MENSUEL,NSIA-ETUDES
1602,37,14,0.03068585461211774,5,MENSUEL,NSIA-ETUDES
1603,38,14,0.030987424245047517,5,MENSUEL,NSIA-ETUDES
1604,39,14,0.031311680116499915,5,MENSUEL,NSIA-ETUDES
1605,40,14,0.03165615186222146,5,MENSUEL,NSIA-ETUDES
1606,41,14,0.032017918078620526,5,MENSUEL,NSIA-ETUDES
1607,42,14,0.03239055472969518,5,MENSUEL,NSIA-ETUDES
1608,43,14,0.03277462836431524,5,MENSUEL,NSIA-ETUDES
1609,44,14,0.033167934618225335,5,MENSUEL,NSIA-ETUDES
1610,45,14,0.0335713368665889,5,MENSUEL,NSIA-ETUDES
1611,46,14,0.03398639681033717,5,MENSUEL,NSIA-ETUDES
1612,47,14,0.034419893365355544,5,MENSUEL,NSIA-ETUDES
1613,48,14,0.034881607055593664,5,MENSUEL,NSIA-ETUDES
1614,49,14,0.03538247831936131,5,MENSUEL,NSIA-ETUDES
1615,50,14,0.035932922406301304,5,MENSUEL,NSIA-ETUDES
1616,51,14,0.03654465386126251,5,MENSUEL,NSIA-ETUDES
1617,52,14,0.03722602091436956,5,MENSUEL,NSIA-ETUDES
1618,53,14,0.03798746707282491,5,MENSUEL,NSIA-ETUDES
1619,54,14,0.03884079281147366,5,MENSUEL,NSIA-ETUDES
1620,55,14,0.039795748045005234,5,MENSUEL,NSIA-ETUDES
1621,56,14,0.04086681195094317,5,MENSUEL,NSIA-ETUDES
1622,57,14,0.04207030922651839,5,MENSUEL,NSIA-ETUDES
1623,58,14,0.04339275746300112,5,MENSUEL,NSIA-ETUDES
1624,59,14,0.044835398874937656,5,MENSUEL,NSIA-ETUDES
1625,60,14,0.046379692836130956,5,MENSUEL,NSIA-ETUDES
1626,20,15,0.026379183049213148,5,MENSUEL,NSIA-ETUDES
1627,21,15,0.02642424002254276,5,MENSUEL,NSIA-ETUDES
1628,22,15,0.026469865255039894,5,MENSUEL,NSIA-ETUDES
1629,23,15,0.026520648453154806,5,MENSUEL,NSIA-ETUDES
1630,24,15,0.026578907825118434,5,MENSUEL,NSIA-ETUDES
1631,25,15,0.02664536720564578,5,MENSUEL,NSIA-ETUDES
1632,26,15,0.026721807896922474,5,MENSUEL,NSIA-ETUDES
1633,27,15,0.02680843470759204,5,MENSUEL,NSIA-ETUDES
1634,28,15,0.026907433335058226,5,MENSUEL,NSIA-ETUDES
1635,29,15,0.027021846986940802,5,MENSUEL,NSIA-ETUDES
1636,30,15,0.027153891693893404,5,MENSUEL,NSIA-ETUDES
1637,31,15,0.027307629699144173,5,MENSUEL,NSIA-ETUDES
1638,32,15,0.027487422533983716,5,MENSUEL,NSIA-ETUDES
1639,33,15,0.027692459139060942,5,MENSUEL,NSIA-ETUDES
1640,34,15,0.02792170996681179,5,MENSUEL,NSIA-ETUDES
1641,35,15,0.028172119219863057,5,MENSUEL,NSIA-ETUDES
1642,36,15,0.028446558609426974,5,MENSUEL,NSIA-ETUDES
1643,37,15,0.028743732563515968,5,MENSUEL,NSIA-ETUDES
1644,38,15,0.029065164085998484,5,MENSUEL,NSIA-ETUDES
1645,39,15,0.029409798776444823,5,MENSUEL,NSIA-ETUDES
1646,40,15,0.029775266677466362,5,MENSUEL,NSIA-ETUDES
1647,41,15,0.03015877003267554,5,MENSUEL,NSIA-ETUDES
1648,42,15,0.030553981183236573,5,MENSUEL,NSIA-ETUDES
1649,43,15,0.030962057096072318,5,MENSUEL,NSIA-ETUDES
1650,44,15,0.031381986542546016,5,MENSUEL,NSIA-ETUDES
1651,45,15,0.03181563305511055,5,MENSUEL,NSIA-ETUDES
1652,46,15,0.03226544925045469,5,MENSUEL,NSIA-ETUDES
1653,47,15,0.03273861994323784,5,MENSUEL,NSIA-ETUDES
1654,48,15,0.033245636746261444,5,MENSUEL,NSIA-ETUDES
1655,49,15,0.0337972042192621,5,MENSUEL,NSIA-ETUDES
1656,50,15,0.03440404541614958,5,MENSUEL,NSIA-ETUDES
1657,51,15,0.03507851113244633,5,MENSUEL,NSIA-ETUDES
1658,52,15,0.03582877310606287,5,MENSUEL,NSIA-ETUDES
1659,53,15,0.03666466890880816,5,MENSUEL,NSIA-ETUDES
1660,54,15,0.037597016755546525,5,MENSUEL,NSIA-ETUDES
1661,55,15,0.03863588089451598,5,MENSUEL,NSIA-ETUDES
1662,56,15,0.03979607526203623,5,MENSUEL,NSIA-ETUDES
1663,57,15,0.04109435287843115,5,MENSUEL,NSIA-ETUDES
1664,58,15,0.04251777214355998,5,MENSUEL,NSIA-ETUDES
1665,59,15,0.04406798404622531,5,MENSUEL,NSIA-ETUDES
1666,60,15,0.045727122995033835,5,MENSUEL,NSIA-ETUDES
1667,20,16,0.024519395457776243,5,MENSUEL,NSIA-ETUDES
1668,21,16,0.024568742352203476,5,MENSUEL,NSIA-ETUDES
1669,22,16,0.024619416608028827,5,MENSUEL,NSIA-ETUDES
1670,23,16,0.024676017617998924,5,MENSUEL,NSIA-ETUDES
1671,24,16,0.024740977857034746,5,MENSUEL,NSIA-ETUDES
1672,25,16,0.024815178340677257,5,MENSUEL,NSIA-ETUDES
1673,26,16,0.024900596379833568,5,MENSUEL,NSIA-ETUDES
1674,27,16,0.024997588205832682,5,MENSUEL,NSIA-ETUDES
1675,28,16,0.025108319613295786,5,MENSUEL,NSIA-ETUDES
1676,29,16,0.025235849232894215,5,MENSUEL,NSIA-ETUDES
1677,30,16,0.02538236221485261,5,MENSUEL,NSIA-ETUDES
1678,31,16,0.025551802845134725,5,MENSUEL,NSIA-ETUDES
1679,32,16,0.025748267737381262,5,MENSUEL,NSIA-ETUDES
1680,33,16,0.025970709560701882,5,MENSUEL,NSIA-ETUDES
1681,34,16,0.026217926442921712,5,MENSUEL,NSIA-ETUDES
1682,35,16,0.026486771257503094,5,MENSUEL,NSIA-ETUDES
1683,36,16,0.026780066783781555,5,MENSUEL,NSIA-ETUDES
1684,37,16,0.027096624023223385,5,MENSUEL,NSIA-ETUDES
1685,38,16,0.027437994266931123,5,MENSUEL,NSIA-ETUDES
1686,39,16,0.027803193580361818,5,MENSUEL,NSIA-ETUDES
1687,40,16,0.02818994744696896,5,MENSUEL,NSIA-ETUDES
1688,41,16,0.028595492136525836,5,MENSUEL,NSIA-ETUDES
1689,42,16,0.02901409509456741,5,MENSUEL,NSIA-ETUDES
1690,43,16,0.029447956177804876,5,MENSUEL,NSIA-ETUDES
1691,44,16,0.029896990348469266,5,MENSUEL,NSIA-ETUDES
1692,45,16,0.030363865094015,5,MENSUEL,NSIA-ETUDES
1693,46,16,0.030851464137393494,5,MENSUEL,NSIA-ETUDES
1694,47,16,0.031367665271848956,5,MENSUEL,NSIA-ETUDES
1695,48,16,0.03192279199318037,5,MENSUEL,NSIA-ETUDES
1696,49,16,0.032527870795662134,5,MENSUEL,NSIA-ETUDES
1697,50,16,0.033194241070562854,5,MENSUEL,NSIA-ETUDES
1698,51,16,0.033934102242692867,5,MENSUEL,NSIA-ETUDES
1699,52,16,0.03475511824963832,5,MENSUEL,NSIA-ETUDES
1700,53,16,0.03566629609505144,5,MENSUEL,NSIA-ETUDES
1701,54,16,0.03667876238598249,5,MENSUEL,NSIA-ETUDES
1702,55,16,0.037802945299607864,5,MENSUEL,NSIA-ETUDES
1703,56,16,0.0390540970960413,5,MENSUEL,NSIA-ETUDES
1704,57,16,0.04044932054809139,5,MENSUEL,NSIA-ETUDES
1705,58,16,0.04197608270818756,5,MENSUEL,NSIA-ETUDES
1706,59,16,0.043636549308436745,5,MENSUEL,NSIA-ETUDES
1707,60,16,0.04541369913675633,5,MENSUEL,NSIA-ETUDES
1708,20,17,0.02289761862143297,5,MENSUEL,NSIA-ETUDES
1709,21,17,0.022951722816799656,5,MENSUEL,NSIA-ETUDES
1710,22,17,0.02300790750515671,5,MENSUEL,NSIA-ETUDES
1711,23,17,0.023070866698109246,5,MENSUEL,NSIA-ETUDES
1712,24,17,0.02314316504421142,5,MENSUEL,NSIA-ETUDES
1713,25,17,0.023225876882320213,5,MENSUEL,NSIA-ETUDES
1714,26,17,0.02332110258033989,5,MENSUEL,NSIA-ETUDES
1715,27,17,0.023429203702862948,5,MENSUEL,NSIA-ETUDES
1716,28,17,0.023552377954195198,5,MENSUEL,NSIA-ETUDES
1717,29,17,0.023693657321487652,5,MENSUEL,NSIA-ETUDES
1718,30,17,0.023855148107078374,5,MENSUEL,NSIA-ETUDES
1719,31,17,0.024040571706949655,5,MENSUEL,NSIA-ETUDES
1720,32,17,0.024253768924931616,5,MENSUEL,NSIA-ETUDES
1721,33,17,0.024493532126891232,5,MENSUEL,NSIA-ETUDES
1722,34,17,0.02475855165137421,5,MENSUEL,NSIA-ETUDES
1723,35,17,0.025045691226345396,5,MENSUEL,NSIA-ETUDES
1724,36,17,0.025357836208736842,5,MENSUEL,NSIA-ETUDES
1725,37,17,0.0256938479523149,5,MENSUEL,NSIA-ETUDES
1726,38,17,0.026055320630287843,5,MENSUEL,NSIA-ETUDES
1727,39,17,0.02644133906153695,5,MENSUEL,NSIA-ETUDES
1728,40,17,0.026849646764066606,5,MENSUEL,NSIA-ETUDES
1729,41,17,0.027277981770604143,5,MENSUEL,NSIA-ETUDES
1730,42,17,0.02772160564847737,5,MENSUEL,NSIA-ETUDES
1731,43,17,0.028183540638036225,5,MENSUEL,NSIA-ETUDES
1732,44,17,0.028664445903668703,5,MENSUEL,NSIA-ETUDES
1733,45,17,0.02916739435444597,5,MENSUEL,NSIA-ETUDES
1734,46,17,0.029695944122040574,5,MENSUEL,NSIA-ETUDES
1735,47,17,0.030257869607115285,5,MENSUEL,NSIA-ETUDES
1736,48,17,0.030863828585757997,5,MENSUEL,NSIA-ETUDES
1737,49,17,0.03152543347297001,5,MENSUEL,NSIA-ETUDES
1738,50,17,0.03225392859372375,5,MENSUEL,NSIA-ETUDES
1739,51,17,0.03306105090215949,5,MENSUEL,NSIA-ETUDES
1740,52,17,0.033953752602491165,5,MENSUEL,NSIA-ETUDES
1741,53,17,0.03494135431296766,5,MENSUEL,NSIA-ETUDES
1742,54,17,0.03603533366877239,5,MENSUEL,NSIA-ETUDES
1743,55,17,0.037246562815540174,5,MENSUEL,NSIA-ETUDES
1744,56,17,0.038590650679826234,5,MENSUEL,NSIA-ETUDES
1745,57,17,0.040084979788017915,5,MENSUEL,NSIA-ETUDES
1746,58,17,0.04171750445205866,5,MENSUEL,NSIA-ETUDES
1747,59,17,0.043491097208991976,5,MENSUEL,NSIA-ETUDES
1748,60,17,0.04538973795740792,5,MENSUEL,NSIA-ETUDES
1749,20,18,0.021474777868895453,5,MENSUEL,NSIA-ETUDES
1750,21,18,0.021534085255129978,5,MENSUEL,NSIA-ETUDES
1751,22,18,0.0215962988605734,5,MENSUEL,NSIA-ETUDES
1752,23,18,0.021666225470958412,5,MENSUEL,NSIA-ETUDES
1753,24,18,0.02174659802003978,5,MENSUEL,NSIA-ETUDES
1754,25,18,0.02183861538977865,5,MENSUEL,NSIA-ETUDES
1755,26,18,0.021944372005160608,5,MENSUEL,NSIA-ETUDES
1756,27,18,0.022064278203854888,5,MENSUEL,NSIA-ETUDES
1757,28,18,0.022200523257117872,5,MENSUEL,NSIA-ETUDES
1758,29,18,0.022356067313913493,5,MENSUEL,NSIA-ETUDES
1759,30,18,0.02253283742575061,5,MENSUEL,NSIA-ETUDES
1760,31,18,0.022734336203597633,5,MENSUEL,NSIA-ETUDES
1761,32,18,0.022964221626786248,5,MENSUEL,NSIA-ETUDES
1762,33,18,0.023221183689866347,5,MENSUEL,NSIA-ETUDES
1763,34,18,0.02350390178065769,5,MENSUEL,NSIA-ETUDES
1764,35,18,0.023809343558838878,5,MENSUEL,NSIA-ETUDES
1765,36,18,0.02414041113353282,5,MENSUEL,NSIA-ETUDES
1766,37,18,0.02449602682792997,5,MENSUEL,NSIA-ETUDES
1767,38,18,0.024877828795155273,5,MENSUEL,NSIA-ETUDES
1768,39,18,0.025284903660926266,5,MENSUEL,NSIA-ETUDES
1769,40,18,0.025715447019408467,5,MENSUEL,NSIA-ETUDES
1770,41,18,0.026168066395820408,5,MENSUEL,NSIA-ETUDES
1771,42,18,0.026638822162007678,5,MENSUEL,NSIA-ETUDES
1772,43,18,0.02713139525170799,5,MENSUEL,NSIA-ETUDES
1773,44,18,0.027646838499386543,5,MENSUEL,NSIA-ETUDES
1774,45,18,0.028188844626577378,5,MENSUEL,NSIA-ETUDES
1775,46,18,0.028760920918612546,5,MENSUEL,NSIA-ETUDES
1776,47,18,0.02937119167052944,5,MENSUEL,NSIA-ETUDES
1777,48,18,0.030030875642600544,5,MENSUEL,NSIA-ETUDES
1778,49,18,0.030751527030382756,5,MENSUEL,NSIA-ETUDES
1779,50,18,0.03154399557348377,5,MENSUEL,NSIA-ETUDES
1780,51,18,0.03241937792784854,5,MENSUEL,NSIA-ETUDES
1781,52,18,0.03338493672215089,5,MENSUEL,NSIA-ETUDES
1782,53,18,0.03445033938952092,5,MENSUEL,NSIA-ETUDES
1783,54,18,0.03562748411810112,5,MENSUEL,NSIA-ETUDES
1784,55,18,0.03692760154802426,5,MENSUEL,NSIA-ETUDES
1785,56,18,0.0383665853068244,5,MENSUEL,NSIA-ETUDES
1786,57,18,0.039962209932498424,5,MENSUEL,NSIA-ETUDES
1787,58,18,0.04170307577545285,5,MENSUEL,NSIA-ETUDES
1788,59,18,0.043592937061714486,5,MENSUEL,NSIA-ETUDES
1789,60,18,0.0456167570293129,5,MENSUEL,NSIA-ETUDES
1790,20,19,0.020220059688331272,5,MENSUEL,NSIA-ETUDES
1791,21,19,0.02028506973100538,5,MENSUEL,NSIA-ETUDES
1792,22,19,0.020353895660111698,5,MENSUEL,NSIA-ETUDES
1793,23,19,0.02043149242046869,5,MENSUEL,NSIA-ETUDES
1794,24,19,0.02052069888037585,5,MENSUEL,NSIA-ETUDES
1795,25,19,0.0206227207541042,5,MENSUEL,NSIA-ETUDES
1796,26,19,0.02073968699053875,5,MENSUEL,NSIA-ETUDES
1797,27,19,0.020872017759159766,5,MENSUEL,NSIA-ETUDES
1798,28,19,0.02102184952856009,5,MENSUEL,NSIA-ETUDES
1799,29,19,0.021191977929654205,5,MENSUEL,NSIA-ETUDES
1800,30,19,0.021384150129611305,5,MENSUEL,NSIA-ETUDES
1801,31,19,0.02160171332191348,5,MENSUEL,NSIA-ETUDES
1802,32,19,0.021848199196072737,5,MENSUEL,NSIA-ETUDES
1803,33,19,0.02212228472453591,5,MENSUEL,NSIA-ETUDES
1804,34,19,0.022422725738925123,5,MENSUEL,NSIA-ETUDES
1805,35,19,0.02274654601358339,5,MENSUEL,NSIA-ETUDES
1806,36,19,0.023096678827322234,5,MENSUEL,NSIA-ETUDES
1807,37,19,0.023472105062227334,5,MENSUEL,NSIA-ETUDES
1808,38,19,0.023874448924528058,5,MENSUEL,NSIA-ETUDES
1809,39,19,0.024303203088119056,5,MENSUEL,NSIA-ETUDES
1810,40,19,0.024757350789694602,5,MENSUEL,NSIA-ETUDES
1811,41,19,0.025236206348501343,5,MENSUEL,NSIA-ETUDES
1812,42,19,0.025736470551497866,5,MENSUEL,NSIA-ETUDES
1813,43,19,0.026262177773463926,5,MENSUEL,NSIA-ETUDES
1814,44,19,0.026814962428202496,5,MENSUEL,NSIA-ETUDES
1815,45,19,0.027398479492165895,5,MENSUEL,NSIA-ETUDES
1816,46,19,0.028016596318090857,5,MENSUEL,NSIA-ETUDES
1817,47,19,0.02867798119314716,5,MENSUEL,NSIA-ETUDES
1818,48,19,0.029393827014647357,5,MENSUEL,NSIA-ETUDES
1819,49,19,0.030175344030560557,5,MENSUEL,NSIA-ETUDES
1820,50,19,0.031032825114021573,5,MENSUEL,NSIA-ETUDES
1821,51,19,0.0319776520755001,5,MENSUEL,NSIA-ETUDES
1822,52,19,0.03301742404040672,5,MENSUEL,NSIA-ETUDES
1823,53,19,0.03416221274116646,5,MENSUEL,NSIA-ETUDES
1824,54,19,0.035424256339880514,5,MENSUEL,NSIA-ETUDES
1825,55,19,0.03681506902383344,5,MENSUEL,NSIA-ETUDES
1826,56,19,0.03835092321768133,5,MENSUEL,NSIA-ETUDES
1827,57,19,0.040050165457799755,5,MENSUEL,NSIA-ETUDES
1828,58,19,0.04190218698027775,5,MENSUEL,NSIA-ETUDES
1829,59,19,0.043911635248717926,5,MENSUEL,NSIA-ETUDES
1830,60,19,0.04606443371889748,5,MENSUEL,NSIA-ETUDES
1831,20,20,0.019108911020431506,5,MENSUEL,NSIA-ETUDES
1832,21,20,0.019180184289308264,5,MENSUEL,NSIA-ETUDES
1833,22,20,0.019256294414359155,5,MENSUEL,NSIA-ETUDES
1834,23,20,0.01934228745722747,5,MENSUEL,NSIA-ETUDES
1835,24,20,0.019441002523322346,5,MENSUEL,NSIA-ETUDES
1836,25,20,0.01955368737975732,5,MENSUEL,NSIA-ETUDES
1837,26,20,0.019682471291263114,5,MENSUEL,NSIA-ETUDES
1838,27,20,0.019827740648521636,5,MENSUEL,NSIA-ETUDES
1839,28,20,0.019991491762750897,5,MENSUEL,NSIA-ETUDES
1840,29,20,0.02017635423183578,5,MENSUEL,NSIA-ETUDES
1841,30,20,0.020383949865954813,5,MENSUEL,NSIA-ETUDES
1842,31,20,0.02061751971569631,5,MENSUEL,NSIA-ETUDES
1843,32,20,0.020880555543224256,5,MENSUEL,NSIA-ETUDES
1844,33,20,0.021171801403374303,5,MENSUEL,NSIA-ETUDES
1845,34,20,0.02149004860045131,5,MENSUEL,NSIA-ETUDES
1846,35,20,0.021832385327690735,5,MENSUEL,NSIA-ETUDES
1847,36,20,0.022201776904259844,5,MENSUEL,NSIA-ETUDES
1848,37,20,0.02259720752338107,5,MENSUEL,NSIA-ETUDES
1849,38,20,0.023020665147215947,5,MENSUEL,NSIA-ETUDES
1850,39,20,0.023472356223058845,5,MENSUEL,NSIA-ETUDES
1851,40,20,0.023951911807585064,5,MENSUEL,NSIA-ETUDES
1852,41,20,0.02445921015958294,5,MENSUEL,NSIA-ETUDES
1853,42,20,0.024991316327604752,5,MENSUEL,NSIA-ETUDES
1854,43,20,0.025552788149586926,5,MENSUEL,NSIA-ETUDES
1855,44,20,0.02614524089746082,5,MENSUEL,NSIA-ETUDES
1856,45,20,0.026772671204424756,5,MENSUEL,NSIA-ETUDES
1857,46,20,0.027439473045488872,5,MENSUEL,NSIA-ETUDES
1858,47,20,0.02815432022503985,5,MENSUEL,NSIA-ETUDES
1859,48,20,0.02892810692292497,5,MENSUEL,NSIA-ETUDES
1860,49,20,0.02977155230171232,5,MENSUEL,NSIA-ETUDES
1861,50,20,0.030695228640374772,5,MENSUEL,NSIA-ETUDES
1862,51,20,0.03171082909121129,5,MENSUEL,NSIA-ETUDES
1863,52,20,0.03282633718280876,5,MENSUEL,NSIA-ETUDES
1864,53,20,0.034052150006348925,5,MENSUEL,NSIA-ETUDES
1865,54,20,0.03540077519975898,5,MENSUEL,NSIA-ETUDES
1866,55,20,0.036884087565931,5,MENSUEL,NSIA-ETUDES
1867,56,20,0.038518895679486395,5,MENSUEL,NSIA-ETUDES
1868,57,20,0.04032428099212486,5,MENSUEL,NSIA-ETUDES
1869,58,20,0.04229042262508362,5,MENSUEL,NSIA-ETUDES
1870,59,20,0.04442286553223838,5,MENSUEL,NSIA-ETUDES
1871,60,20,0.04670881662177112,5,MENSUEL,NSIA-ETUDES
