bc741171-b35c-4f45-bfc3-59f17798a882,200000.00,5,953308.00,45 ans et moins,18,45,5000.00,2025-11-24,,true,2025-11-24 09:47:19.925219 +00:00,2025-11-24 09:47:19.925240 +00:00,e73e2af3-4132-4b1a-8619-2c130825c616
079272e8-4fc5-4a7e-a22d-3c512c6d9c57,200000.00,5,953308.00,46-55 ans,46,55,10000.00,2025-11-24,,true,2025-11-24 09:47:20.888484 +00:00,2025-11-24 09:47:20.888498 +00:00,e73e2af3-4132-4b1a-8619-2c130825c616
cffc1841-b7a8-4bd1-8419-1da70b8d2e53,200000.00,5,953308.00,56-64 ans,56,64,20000.00,2025-11-24,,true,2025-11-24 09:47:21.849380 +00:00,2025-11-24 09:47:21.849398 +00:00,e73e2af3-4132-4b1a-8619-2c130825c616
fa9dd9cc-75c2-4ab3-8686-6c39f5c1aa11,400000.00,5,1906616.00,45 ans et moins,18,45,10000.00,2025-11-24,,true,2025-11-24 09:47:22.812111 +00:00,2025-11-24 09:47:22.812129 +00:00,e73e2af3-4132-4b1a-8619-2c130825c616
17911804-0000-4640-89d3-aec7577440b3,400000.00,5,1906616.00,46-55 ans,46,55,20000.00,2025-11-24,,true,2025-11-24 09:47:23.773233 +00:00,2025-11-24 09:47:23.773247 +00:00,e73e2af3-4132-4b1a-8619-2c130825c616
a6cfd5a5-9a7a-45f8-9331-29ea18c63657,400000.00,5,1906616.00,56-64 ans,56,64,37000.00,2025-11-24,,true,2025-11-24 09:47:24.735121 +00:00,2025-11-24 09:47:24.735135 +00:00,e73e2af3-4132-4b1a-8619-2c130825c616
dd514aea-5263-4263-8154-a052ccb83d12,600000.00,5,2859924.00,45 ans et moins,18,45,15000.00,2025-11-24,,true,2025-11-24 09:47:25.696304 +00:00,2025-11-24 09:47:25.696318 +00:00,e73e2af3-4132-4b1a-8619-2c130825c616
e4caeef8-949f-491c-a008-ebb924c20303,600000.00,5,2859924.00,46-55 ans,46,55,30000.00,2025-11-24,,true,2025-11-24 09:47:26.659227 +00:00,2025-11-24 09:47:26.659240 +00:00,e73e2af3-4132-4b1a-8619-2c130825c616
3cf321c5-3503-4b41-8243-37bb7b5f8376,600000.00,5,2859924.00,56-64 ans,56,64,55000.00,2025-11-24,,true,2025-11-24 09:47:27.622234 +00:00,2025-11-24 09:47:27.622247 +00:00,e73e2af3-4132-4b1a-8619-2c130825c616
6a305210-2196-4d85-a24c-1a7957b45a4d,800000.00,5,3813233.00,45 ans et moins,18,45,20000.00,2025-11-24,,true,2025-11-24 09:47:28.582996 +00:00,2025-11-24 09:47:28.583011 +00:00,e73e2af3-4132-4b1a-8619-2c130825c616
307f61a6-8e8e-494d-a962-0b7a9bc3825a,800000.00,5,3813233.00,46-55 ans,46,55,40000.00,2025-11-24,,true,2025-11-24 09:47:29.544207 +00:00,2025-11-24 09:47:29.544223 +00:00,e73e2af3-4132-4b1a-8619-2c130825c616
e029a217-9a1c-47f0-8724-dabe4760af71,800000.00,5,3813233.00,56-64 ans,56,64,73000.00,2025-11-24,,true,2025-11-24 09:47:30.505319 +00:00,2025-11-24 09:47:30.505337 +00:00,e73e2af3-4132-4b1a-8619-2c130825c616
df74d94a-5ebf-427a-8054-db68fde17973,1000000.00,5,4766541.00,45 ans et moins,18,45,25000.00,2025-11-24,,true,2025-11-24 09:47:31.465934 +00:00,2025-11-24 09:47:31.465946 +00:00,e73e2af3-4132-4b1a-8619-2c130825c616
6ed4e430-4d8c-4b74-b2a5-a51267a910ab,1000000.00,5,4766541.00,46-55 ans,46,55,50000.00,2025-11-24,,true,2025-11-24 09:47:32.427520 +00:00,2025-11-24 09:47:32.427536 +00:00,e73e2af3-4132-4b1a-8619-2c130825c616
bb9728fe-de63-4556-b39b-6bdf0ae89c92,1000000.00,5,4766541.00,56-64 ans,56,64,90000.00,2025-11-24,,true,2025-11-24 09:47:33.390157 +00:00,2025-11-24 09:47:33.390172 +00:00,e73e2af3-4132-4b1a-8619-2c130825c616
